fecha,ECOPETROL,ISA,CELSIA,CEMARGOS,ETB,GRUBOLIVAR,PFCEMARGOS,PFCORFICOL,PFGRUPSURA,TRM,COLCAP,CIB,AGG,SHY,EMB,ACWI,SPY,QQQ,AAPL,ABNB,AMD,AMZN,ARKK,BRK B,C,CHPT,DIS,EEM,GOOG,ISQWF,ISVFF,ISVIF,ISVQF,ISZXF,IYK,LYG,META,MRVL,NFLX,PBR,PLTR,PYPL,QS,SOFI,SOXL,SQ,VGK,VGSH,XLB,XLF,PFBCOLOM
2023-06-01,1298.8309326171875,14635.978515625,2189.55908203125,2659.2548828125,100.05000305175781,58848.25,1754.6219482421875,8749.4267578125,9217.9697265625,4443.25,10052.0341796875,15.277753829956055,87.25370788574219,72.37152099609375,71.74832916259766,87.34141540527344,403.8738708496094,345.1355895996094,177.44712829589844,112.16000366210938,119.47000122070312,122.7699966430664,40.76998519897461,323.1199951171875,40.43745040893555,195.0,85.89359283447266,35.910404205322266,123.20307159423828,51.599998474121094,9.979999542236328,143.3159942626953,5.489999771118164,129.1929931640625,59.603206634521484,1.8832985162734985,270.0238037109375,60.47531509399414,40.3129997253418,7.7646307945251465,14.539999961853027,62.35462951660156,6.539999961853027,6.820000171661377,21.702356338500977,61.5,54.320369720458984,51.12234878540039,35.54183578491211,30.36879539489746,67882.87970495224
2023-06-02,1331.5535888671875,14968.615234375,2311.653564453125,2739.83837890625,100.0,60109.296875,1827.2547607421875,9131.21875,9217.9697265625,4389.25,10367.6484375,16.10173988342285,86.79358673095703,72.16754913330078,71.63859558105469,88.64151000976562,409.71441650390625,347.72406005859375,178.29454040527344,118.05999755859375,117.86000061035156,124.25,41.27576446533203,329.4800109863281,41.77213668823242,181.39999389648438,88.00724792480469,36.52939224243164,124.05500030517578,,10.010000228881836,142.52099609375,5.442699909210205,128.37420654296875,60.53152084350586,1.925907015800476,270.0238037109375,59.56472396850586,40.047000885009766,7.93314790725708,14.520000457763672,63.25458908081055,6.659999847412109,7.03000020980835,21.56524658203125,63.459999084472656,54.962257385253906,50.97277069091797,36.73405075073242,31.031042098999023,70674.56178331375
2023-06-05,1315.1922607421875,14785.6640625,2279.09521484375,2739.83837890625,99.98999786376953,60109.296875,1890.0947265625,8590.3447265625,9217.9697265625,4349.25,10410.7490234375,16.38052749633789,86.78474426269531,72.185302734375,71.8749771118164,88.40597534179688,408.9293518066406,347.9691467285156,176.9446258544922,115.69000244140625,117.93000030517578,125.30000305175781,41.712127685546875,328.5799865722656,41.69999313354492,175.0,88.2302474975586,36.5201530456543,125.44186401367188,,10.010000228881836,142.00900268554688,5.457200050354004,127.66380310058594,60.3610725402832,1.874776840209961,268.81536865234375,57.43670654296875,40.354000091552734,8.004441261291504,15.239999771118164,63.798526763916016,6.809999942779541,7.25,20.536930084228516,63.540000915527344,54.56999969482422,50.99917984008789,36.705997467041016,30.870206832885742,71243.00921344757
2023-06-06,1348.5440673828125,15550.7265625,2311.653564453125,2844.59716796875,99.97000122070312,63892.390625,1958.6478271484375,9306.2080078125,9217.9697265625,4294.25,10676.9775390625,17.75589942932129,86.89096069335938,72.14981842041016,72.00160217285156,88.8299331665039,409.8196716308594,347.9102783203125,176.580078125,117.30000305175781,124.2300033569336,126.61000061035156,42.32699966430664,333.4100036621094,42.583770751953125,189.39999389648438,89.35494995117188,36.843502044677734,126.7098388671875,52.25,10.010000228881836,142.00900268554688,5.459799766540527,128.01400756835938,60.0445442199707,1.90886390209198,268.5478820800781,58.53535079956055,39.92900085449219,8.198880195617676,15.460000038146973,64.30290222167969,7.289999961853027,7.650000095367432,21.281232833862305,65.9800033569336,54.7750358581543,50.96398162841797,36.93976974487305,31.258098602294922,76248.27112436295
2023-06-07,1365.5345458984375,14968.615234375,2262.816162109375,2820.422119140625,95.0,63051.70703125,1958.6478271484375,9934.5751953125,9217.9697265625,4218.75,10794.6005859375,17.724924087524414,86.43081665039062,72.09663391113281,71.57951354980469,88.35692596435547,408.4026794433594,342.0078430175781,175.21046447753906,116.55000305175781,117.83000183105469,121.2300033569336,41.90055465698242,335.4200134277344,43.296207427978516,195.60000610351562,89.7039794921875,36.685218811035156,121.78648376464844,52.0,9.9399995803833,141.4010009765625,5.446000099182129,128.04400634765625,59.942047119140625,1.917385220527649,261.0992431640625,58.723419189453125,39.97700119018555,8.432209014892578,14.6899995803833,63.333709716796875,7.329999923706055,7.739999771118164,21.19309425354004,66.23999786376953,54.53432846069336,50.91999053955078,37.37924575805664,31.381088256835938,74777.02349424362
2023-06-08,1366.1636962890625,14635.978515625,2258.746337890625,2850.23779296875,99.93000030517578,62524.87109375,1974.969970703125,9783.44921875,9217.9697265625,4216.25,10698.525390625,17.786876678466797,86.89096069335938,72.21192932128906,71.9847183227539,88.99457550048828,410.8729248046875,346.25335693359375,177.9201202392578,115.5,121.05000305175781,124.25,42.32699966430664,335.95001220703125,43.37736511230469,192.1999969482422,89.71367645263672,36.945926666259766,121.51900482177734,,9.949999809265137,142.37600708007812,5.436600208282471,128.37069702148438,60.27245330810547,1.917385220527649,262.0699768066406,59.10942840576172,40.9370002746582,8.522947311401367,15.1899995803833,63.5315055847168,6.809999942779541,8.119999885559082,21.81987762451172,65.08999633789062,55.16731262207031,50.99037170410156,37.24365997314453,31.352710723876953,74993.91879558563
2023-06-09,,,,,,,,,9217.9697265625,4187.25,10645.5478515625,17.811655044555664,86.68741607666016,72.07888793945312,71.90032196044922,89.11829376220703,411.6101989746094,347.5769348144531,178.30438232421875,117.86000061035156,124.91999816894531,123.43000030517578,42.15840530395508,335.2900085449219,43.55773162841797,166.8000030517578,89.13194274902344,37.113525390625,121.71714782714844,52.6599006652832,10.050000190734863,141.4949951171875,5.4527997970581055,127.79389953613281,60.29692840576172,1.917385220527649,262.43646240234375,59.39645004272461,42.00199890136719,8.918307304382324,15.020000457763672,62.789772033691406,6.300000190734863,8.180000305175781,21.937397003173828,64.94000244140625,54.83744430541992,50.91999053955078,36.935089111328125,31.3621768951416,74581.8525853157
2023-06-12,,,,,,,,,9217.9697265625,4178.25,,17.53286361694336,86.83783721923828,72.14096069335938,72.29708099365234,89.76544952392578,415.34423828125,353.44989013671875,181.0928192138672,124.58999633789062,129.19000244140625,126.56999969482422,42.922035217285156,333.6000061035156,43.69300842285156,178.0,90.30511474609375,37.188011169433594,123.1832504272461,52.41999816894531,10.086000442504883,141.23199462890625,5.442200183868408,,60.1714973449707,1.9003419876098633,268.4786071777344,61.41559982299805,42.39699935913086,9.06089973449707,15.649999618530273,63.027130126953125,6.570000171661377,9.15999984741211,24.09196662902832,64.19999694824219,55.078163146972656,50.95517349243164,37.103397369384766,31.352710723876953,73256.68740749359
2023-06-13,1342.8804931640625,15301.2509765625,2345.0263671875,2933.238525390625,95.0,63209.35546875,2081.06298828125,9942.529296875,9217.9697265625,4173.25,10614.1220703125,17.22309684753418,86.43081665039062,72.00794219970703,72.18734741210938,90.46022033691406,418.0826416015625,356.1658630371094,180.61988830566406,124.9000015258789,124.52999877929688,126.66000366210938,43.923683166503906,336.3900146484375,43.9094352722168,192.39999389648438,90.9935073852539,37.56045150756836,123.26251220703125,,10.114999771118164,141.23199462890625,5.452000141143799,,60.35200500488281,1.925907015800476,268.7460632324219,62.4053840637207,43.573001861572266,9.097232818603516,16.0,62.85900115966797,7.5,9.539999961853027,25.03213882446289,65.5199966430664,55.50608825683594,50.867210388183594,37.963661193847656,31.54192543029785,71876.28891897202
2023-06-14,1348.5440673828125,14943.6669921875,2279.09521484375,2860.713623046875,94.97000122070312,63209.35546875,2154.512451171875,9836.7802734375,9217.9697265625,4180.25,10649.1396484375,17.210708618164062,86.51042175292969,71.96360778808594,72.33930206298828,90.67910766601562,418.5804748535156,358.7542724609375,181.25048828125,125.13999938964844,127.33000183105469,126.41999816894531,43.705501556396484,335.8999938964844,43.503631591796875,181.0,89.6361083984375,37.839778900146484,123.21296691894531,,10.09000015258789,141.21499633789062,5.460599899291992,127.5438003540039,60.31528854370117,1.925907015800476,270.75677490234375,62.31630325317383,44.08599853515625,9.522272109985352,15.90999984741211,62.898563385009766,7.489999771118164,9.739999771118164,26.089834213256836,63.689998626708984,55.70222854614258,50.84080505371094,37.80470657348633,31.418941497802734,71945.06470108032
2023-06-15,1354.8369140625,14960.296875,2327.93310546875,2901.005615234375,95.0,63141.91015625,2151.248046875,9855.03515625,9217.9697265625,4175.75,10595.2646484375,17.4647159576416,87.11213684082031,72.11436462402344,72.71072387695312,91.70695495605469,423.76983642578125,363.0291442871094,183.2802734375,127.8499984741211,124.23999786376953,127.11000061035156,44.17161560058594,339.82000732421875,43.79220199584961,181.0,90.11119842529297,38.19359588623047,124.60974884033203,54.0,10.09000015258789,141.21499633789062,5.457799911499023,,61.00364303588867,1.951472282409668,279.1562805175781,61.395809173583984,44.527000427246094,9.453717231750488,16.600000381469727,65.12374877929688,7.889999866485596,9.550000190734863,25.41408348083496,66.19000244140625,56.46001434326172,50.937591552734375,38.12730026245117,31.8352108001709,72928.28766012192
2023-06-16,1384.4129638671875,14760.7158203125,2230.257568359375,2844.59716796875,90.8499984741211,59188.1875,2017.406982421875,9743.6787109375,11020.5966796875,4146.25,10676.0791015625,17.0124568939209,86.83783721923828,72.01681518554688,72.42369842529297,91.44048309326172,422.3264465332031,360.74462890625,182.20628356933594,128.67999267578125,120.08000183105469,125.48999786376953,43.943519592285156,338.30999755859375,43.45853042602539,177.60000610351562,88.54051971435547,38.06324005126953,122.8959732055664,54.29999923706055,10.229999542236328,141.21099853515625,5.448200225830078,127.28369903564453,61.159671783447266,1.9344289302825928,278.3341979980469,60.4951057434082,43.19599914550781,9.52912712097168,16.299999237060547,65.69734954833984,7.619999885559082,8.600000381469727,24.7187442779541,66.51000213623047,56.415443420410156,50.867210388183594,38.220802307128906,31.76898765563965,70537.89939641953
2023-06-19,1384.4129638671875,14760.7158203125,2230.257568359375,2844.59716796875,90.8499984741211,59188.1875,2017.406982421875,9743.6787109375,11020.5966796875,4096.6669921875,,,,,,,,,,,,,,,,,,,,,,,,,,,,,,,,,,,,,,,,,
2023-06-20,1342.8804931640625,14885.4560546875,2235.955322265625,2780.13037109375,92.2300033569336,59179.74609375,2023.9361572265625,9592.552734375,11225.4384765625,4166.25,10335.322265625,16.907136917114258,86.99710845947266,72.04338836669922,72.45746612548828,90.60296630859375,420.1352844238281,360.228271484375,182.294921875,126.44999694824219,118.93000030517578,125.77999877929688,43.89392852783203,338.6700134277344,42.93547821044922,164.0,87.01829528808594,37.318363189697266,122.68794250488281,,10.248000144958496,141.21099853515625,5.476799964904785,127.81390380859375,60.77418518066406,1.9003419876098633,281.6325988769531,60.20808792114258,43.470001220703125,9.755356788635254,15.789999961853027,68.1302261352539,7.429999828338623,8.59000015258789,24.140932083129883,66.80000305175781,55.61613082885742,50.90239715576172,37.703529357910156,31.531396865844727,70439.35918092728
2023-06-21,1374.9737548828125,14594.400390625,2226.187744140625,2701.158447265625,94.9000015258789,61169.84375,2015.7744140625,9721.9404296875,10733.8134765625,4148.10009765625,10451.6025390625,17.092998504638672,87.1386947631836,72.04338836669922,72.83736419677734,90.28890991210938,417.9826354980469,355.3191833496094,181.26036071777344,127.45999908447266,112.11000061035156,124.83000183105469,42.30716323852539,338.6099853515625,42.755123138427734,159.8000030517578,85.94207763671875,37.14145278930664,120.12225341796875,,10.210000038146973,141.46099853515625,5.439499855041504,127.45369720458984,61.0556526184082,1.8577333688735962,278.9681396484375,58.24831771850586,42.44499969482422,10.242097854614258,14.640000343322754,67.43794250488281,7.059999942779541,8.630000114440918,22.343997955322266,65.45999908447266,55.50725555419922,50.884803771972656,37.825679779052734,31.493389129638672,70903.46876632981
2023-06-22,1351.6905517578125,14261.7626953125,2230.257568359375,2710.828125,94.31999969482422,61489.609375,2007.614013671875,9544.828125,10651.875,4152.5,10275.609375,16.73986053466797,86.68741607666016,71.96360778808594,72.55878448486328,90.30792999267578,419.491455078125,359.511474609375,184.25572204589844,127.95999908447266,110.69999694824219,130.14999389648438,42.317081451416016,336.9599914550781,42.05171203613281,152.0,85.79664611816406,37.01110076904297,122.7077407836914,53.41999816894531,10.289999961853027,141.4510040283203,5.4369001388549805,127.4937973022461,61.37993240356445,1.8406898975372314,282.1774597167969,58.51555633544922,42.24800109863281,10.06385612487793,14.050000190734863,67.8137435913086,6.769999980926514,8.489999771118164,22.65787124633789,64.11000061035156,55.289512634277344,50.84962463378906,37.73640441894531,31.246307373046875,69512.27087020874
2023-06-23,1346.65625,14120.3935546875,2185.489501953125,2680.20703125,94.80000305175781,61481.1875,1958.6478271484375,9573.6689453125,10782.9755859375,4115.25,10275.609375,16.281402587890625,86.94402313232422,72.02570343017578,72.64320373535156,89.37527465820312,416.320068359375,355.947509765625,183.94044494628906,124.7300033569336,110.01000213623047,129.3300018310547,41.791465759277344,335.25,41.50159454345703,147.1999969482422,85.41851806640625,36.471065521240234,121.86573028564453,,10.229999542236328,142.2530059814453,5.452400207519531,127.743896484375,60.988346099853516,1.7895594835281372,285.99090576171875,57.228851318359375,42.402000427246094,9.659381866455078,14.029999732971191,66.20172119140625,6.840000152587891,8.279999732971191,21.471031188964844,62.86000061035156,54.61812973022461,50.884803771972656,37.4310302734375,31.113262176513672,67002.0419998169
2023-06-26,1374.9737548828125,14045.5498046875,2191.83056640625,2671.850341796875,92.19999694824219,59978.5859375,1939.6158447265625,9170.9892578125,10815.75,4187.25,10236.1044921875,16.46726417541504,87.0501937866211,72.07888793945312,72.87112426757812,89.22298431396484,414.61907958984375,351.1759338378906,182.5511474609375,123.12999725341797,107.51000213623047,127.33000183105469,41.55345153808594,334.1199951171875,41.69999313354492,148.39999389648438,86.00025939941406,36.592105865478516,117.97259521484375,,10.12399959564209,142.08900451660156,5.45419979095459,127.17250061035156,61.07094955444336,1.7810378074645996,275.8282470703125,57.15956497192383,41.59400177001953,9.885612487792969,13.9399995803833,65.70724487304688,6.639999866485596,8.199999809265137,21.667200088500977,61.75,54.69070053100586,50.91999053955078,37.820987701416016,31.046737670898438,68952.55191850662
2023-06-27,1346.65625,14012.287109375,2181.419921875,2691.488525390625,91.76000213623047,61540.17578125,1930.0843505859375,9610.8544921875,11059.2734375,4162.18017578125,10207.3720703125,16.640735626220703,86.882080078125,71.97249603271484,72.87112426757812,90.1651840209961,419.1646728515625,357.21405029296875,185.30015563964844,127.88999938964844,110.38999938964844,129.17999267578125,42.96170425415039,335.3399963378906,41.84428405761719,157.39999389648438,86.34929656982422,36.96455001831055,117.89336395263672,,10.119999885559082,141.531005859375,5.453000068664551,,61.15354537963867,1.8236466646194458,284.3267517089844,59.97053527832031,41.70800018310547,9.762212753295898,14.609999656677246,65.49955749511719,6.929999828338623,8.640000343322754,23.903566360473633,63.93000030517578,55.244144439697266,50.84080505371094,38.3565788269043,31.293819427490234,69261.7399338726
2023-06-28,1352.948974609375,13762.8095703125,2197.69873046875,2667.313232421875,90.0,61540.17578125,1946.618408203125,9385.7470703125,10891.3271484375,4164.75,10207.3720703125,16.919525146484375,87.1386947631836,72.05228424072266,72.92176818847656,90.1556625366211,419.3761291503906,357.9111328125,186.4727325439453,127.62999725341797,110.16999816894531,129.0399932861328,43.81459426879883,334.1499938964844,41.690975189208984,167.1999969482422,86.12629699707031,36.741085052490234,119.94392395019531,53.52000045776367,10.085000038146973,142.36000061035156,5.444300174713135,127.95590209960938,60.71912384033203,1.806602954864502,282.58355712890625,59.455841064453125,42.98400115966797,9.721080780029297,15.279999732971191,65.30175018310547,7.28000020980835,8.869999885559082,23.26600456237793,64.7699966430664,55.19878387451172,50.90239715576172,38.093482971191406,31.21779441833496,70465.5923538208
2023-06-29,1354.8369140625,14012.287109375,2181.419921875,2627.021728515625,90.0,60459.73828125,1877.037353515625,9356.986328125,10874.5302734375,4149.7001953125,10281.0009765625,17.016727447509766,86.46622467041016,71.87492370605469,72.53345489501953,90.30792999267578,421.0290222167969,357.1944580078125,186.8077392578125,125.0999984741211,111.23999786376953,127.9000015258789,43.427818298339844,336.9100036621094,41.745079040527344,173.8000030517578,86.24263763427734,36.54555130004883,118.88397216796875,,10.170000076293945,140.87100219726562,5.447199821472168,127.09629821777344,60.786434173583984,1.8151248693466187,278.85919189453125,57.77322769165039,42.82400131225586,9.823914527893066,15.199999809265137,65.13363647460938,7.820000171661377,8.710000038146973,23.354284286499023,64.38999938964844,55.11712646484375,50.77922439575195,38.572696685791016,31.75947380065918,70614.31721251085
2023-06-30,1346.65625,14045.5498046875,2181.419921875,2739.83837890625,85.30000305175781,59019.57421875,1854.1865234375,9614.083984375,10874.5302734375,4167.85009765625,10337.9580078125,17.061492919921875,86.66973114013672,71.90149688720703,73.05683898925781,91.30723571777344,425.99749755859375,362.7024230957031,191.12344360351562,128.16000366210938,113.91000366210938,130.36000061035156,43.774925231933594,341.0,41.519630432128906,175.8000030517578,86.56260681152344,36.83419418334961,119.83496856689453,54.0,10.310999870300293,140.9010009765625,5.458799839019775,,61.27592849731445,1.874776840209961,284.2574768066406,59.1688117980957,44.04899978637695,9.481138229370117,15.329999923706055,65.99404907226562,7.989999771118164,8.34000015258789,24.354759216308594,66.56999969482422,55.97904586791992,50.78803253173828,38.93446731567383,32.035072326660156,71109.7449324578
2023-07-03,1346.65625,14045.5498046875,2181.419921875,2739.83837890625,85.30000305175781,59019.57421875,1854.1865234375,9614.083984375,10874.5302734375,4173.25,,17.087068557739258,86.56769561767578,71.81793975830078,73.1975326538086,91.52613067626953,426.4876403808594,363.5565490722656,189.6356201171875,132.35000610351562,115.81999969482422,130.22000122070312,44.74681854248047,342.0,42.150901794433594,174.0,87.74546813964844,37.24388122558594,119.42881774902344,,10.1899995803833,141.2209930419922,5.464799880981445,,61.61551284790039,1.9003419876098633,283.30657958984375,60.72275924682617,44.14400100708008,9.577116012573242,15.520000457763672,67.34893798828125,8.239999771118164,8.520000457763672,25.002124786376953,66.19999694824219,55.815731048583984,50.73421096801758,39.080108642578125,32.21561813354492,71308.60885858536
2023-07-04,1344.7684326171875,13962.3916015625,2165.140380859375,2707.605224609375,90.0,59355.42578125,1854.1865234375,9317.2236328125,10916.517578125,4171.25,10328.966796875,,,,,,,,,,,,,,,,,,,,,,,,,,,,,,,,,,,,,,,,
2023-07-05,1344.7684326171875,13613.1220703125,2187.117431640625,2680.20703125,90.0,59019.57421875,1854.1865234375,9170.9892578125,10916.517578125,4156.22998046875,10337.5068359375,16.88882827758789,86.17736053466797,71.8001937866211,72.82461547851562,91.0788345336914,425.85333251953125,363.5467834472656,188.522216796875,131.69000244140625,113.94999694824219,130.3800048828125,44.58814239501953,341.55999755859375,42.20500946044922,177.0,87.05707550048828,37.020408630371094,121.4793930053711,,10.170000076293945,140.22000122070312,5.44980001449585,,61.58186340332031,1.8662551641464233,291.57733154296875,59.19851303100586,44.59000015258789,9.535983085632324,15.699999809265137,68.09066009521484,8.619999885559082,8.380000114440918,23.393518447875977,68.97000122070312,55.089908599853516,50.73421096801758,38.11696243286133,32.14910888671875,70193.85442229919
2023-07-06,1340.363525390625,13654.703125,2189.55908203125,2643.138427734375,90.0,58421.0234375,1912.1298828125,9306.2080078125,10916.517578125,4127.93017578125,10162.21484375,16.370845794677734,85.61845397949219,71.7557144165039,71.78208923339844,89.95580291748047,422.5186462402344,360.7779846191406,188.99513244628906,128.16000366210938,113.4800033569336,128.36000061035156,42.88236999511719,341.4599914550781,40.92443084716797,173.1999969482422,86.03903198242188,36.2662239074707,119.79534149169922,53.310001373291016,10.095999717712402,138.9530029296875,5.460299968719482,126.1094970703125,61.47479248046875,1.8662551641464233,289.219970703125,58.27709197998047,43.88399887084961,9.261763572692871,15.130000114440918,65.4105453491211,8.609999656677246,8.100000381469727,22.54016876220703,64.61000061035156,54.110050201416016,50.69892883300781,37.83977508544922,31.873512268066406,67577.7083589118
2023-07-07,1359.2418212890625,14120.3935546875,2181.419921875,2654.419921875,89.0999984741211,60688.734375,1957.8316650390625,9385.7470703125,11151.642578125,4178.25,10284.01953125,17.080673217773438,85.63619995117188,71.83573913574219,71.69732666015625,90.13663482666016,421.4519348144531,359.5802001953125,187.88174438476562,130.32000732421875,113.16999816894531,129.77999877929688,43.368316650390625,340.8999938964844,41.249088287353516,173.39999389648438,85.94207763671875,36.675907135009766,119.01275634765625,,9.9399995803833,138.9199981689453,5.429999828338623,125.80000305175781,60.86598205566406,1.8577333688735962,287.7737731933594,58.60404586791992,43.810001373291016,9.330318450927734,15.34000015258789,66.05337524414062,8.779999732971191,8.050000190734863,22.520551681518555,67.2699966430664,54.46388626098633,50.73421096801758,38.16864776611328,31.921022415161133,71367.32287216187
2023-07-10,1357.35400390625,13929.126953125,2197.69873046875,2675.371826171875,87.30000305175781,58168.12109375,1959.4635009765625,9474.013671875,11067.6689453125,4173.60986328125,10327.1728515625,17.16381072998047,85.87572479248047,71.94243621826172,72.00245666503906,90.36503601074219,422.5186462402344,359.6980285644531,185.84213256835938,131.7100067138672,113.58000183105469,127.12999725341797,44.9947509765625,341.1300048828125,41.18595504760742,180.39999389648438,85.41851806640625,36.70384216308594,115.7734375,53.599998474121094,10.045000076293945,139.70799255371094,5.472599983215332,126.09310150146484,60.70995330810547,1.8577333688735962,291.3099365234375,59.7335205078125,44.17100143432617,9.323463439941406,16.299999237060547,68.51592254638672,9.529999732971191,8.710000038146973,23.854520797729492,69.05999755859375,54.79051208496094,50.82243347167969,38.15925216674805,32.063575744628906,71635.04975413904
2023-07-11,1393.2230224609375,13970.7060546875,2220.489501953125,2779.790771484375,90.0,60330.18359375,2024.0286865234375,9544.828125,11176.8359375,4158.25,10399.986328125,17.330080032348633,86.06205749511719,71.93354797363281,72.46015167236328,91.0788345336914,425.2095031738281,361.47515869140625,185.31988525390625,137.5399932861328,111.31999969482422,128.77999877929688,46.66085433959961,343.3699951171875,41.961517333984375,178.60000610351562,86.76620483398438,37.07627868652344,116.60555267333984,,10.045000076293945,139.3800048828125,5.458799839019775,,60.79865646362305,1.8832985162734985,295.460205078125,61.576358795166016,44.020999908447266,9.296041488647461,16.489999771118164,69.84114074707031,9.869999885559082,9.069999694824219,23.874135971069336,71.0999984741211,55.380245208740234,50.80478286743164,38.53511428833008,32.443695068359375,72062.8052945137
2023-07-12,1407.0670166015625,14112.078125,2244.90869140625,2767.418212890625,89.26000213623047,59188.703125,1988.6229248046875,9839.1259765625,11176.8359375,4186.75,10533.931640625,17.611446380615234,86.76287841796875,72.14689636230469,73.32469940185547,92.17329406738281,428.6306457519531,366.04058837890625,186.985107421875,137.02000427246094,114.58000183105469,130.8000030517578,47.08729934692383,345.3500061035156,42.728057861328125,179.8000030517578,87.4061279296875,37.90495681762695,118.49762725830078,,10.104999542236328,140.52000427246094,5.457300186157227,,60.862911224365234,1.9429504871368408,306.40533447265625,62.299617767333984,44.404998779296875,9.330318450927734,16.59000015258789,69.81147003173828,10.15999984741211,9.199999809265137,25.19829750061035,71.22000122070312,56.69579315185547,50.95476531982422,39.042518615722656,32.65277099609375,73734.72313404083
2023-07-13,1407.0670166015625,14220.185546875,2288.975830078125,2845.78076171875,90.0,59188.703125,1981.036376953125,9839.1259765625,11420.357421875,4137.64013671875,10636.8623046875,18.3724365234375,87.30403137207031,72.35138702392578,74.12142944335938,93.22017669677734,432.03265380859375,372.2554626464844,187.7437744140625,140.08999633789062,115.91999816894531,134.3000030517578,49.21951675415039,343.5400085449219,42.99861526489258,177.0,87.71637725830078,38.398441314697266,123.65875244140625,,10.053999900817871,141.72999572753906,5.460000038146973,127.91400146484375,61.19944763183594,1.9855589866638184,310.4367980957031,64.76664733886719,45.03799819946289,9.474282264709473,16.739999771118164,71.59161376953125,10.140000343322754,9.15999984741211,26.75786590576172,76.19999694824219,57.58492660522461,51.087093353271484,39.34791564941406,32.766807556152344,76018.5307686925
2023-07-14,1363.6468505859375,14220.185546875,2272.26806640625,2882.899169921875,89.93000030517578,59180.23046875,1933.828369140625,9632.37890625,11252.41015625,4097.25,10610.7919921875,18.346860885620117,86.88707733154297,72.1646728515625,73.68915557861328,92.96321105957031,431.7635803222656,372.1768798828125,187.8916015625,143.33999633789062,115.94000244140625,134.67999267578125,48.16828536987305,341.0899963378906,41.25810241699219,165.1999969482422,85.92269897460938,38.18428039550781,124.52058410644531,,10.187000274658203,141.96400451660156,5.4532999992370605,127.97850036621094,61.38300704956055,1.9429504871368408,305.9398193359375,62.86436080932617,44.191001892089844,9.275472640991211,16.399999618530273,71.3048095703125,9.859999656677246,9.079999923706055,25.727964401245117,75.45999908447266,57.31273651123047,50.981231689453125,39.11770248413086,32.54823684692383,75171.67576360703
2023-07-17,1363.017578125,14186.9189453125,2238.852294921875,2908.4697265625,90.0,59188.703125,1913.596435546875,9942.529296875,11302.7939453125,4057.25,10662.9287109375,18.71776008605957,86.98465728759766,72.19136810302734,73.79933166503906,93.20114135742188,433.2627258300781,375.6525573730469,191.1431884765625,145.36000061035156,118.31999969482422,133.55999755859375,49.26910400390625,344.25,41.7180290222168,173.1999969482422,82.955810546875,38.230838775634766,123.88658142089844,,10.109999656677246,141.43099975585938,5.4944000244140625,127.69390106201172,61.09236145019531,1.9855589866638184,307.6731262207031,63.96412658691406,45.005001068115234,9.25490665435791,17.399999618530273,72.67948913574219,10.270000457763672,9.479999542236328,27.52293586730957,78.05999755859375,57.23108673095703,50.998863220214844,39.15528869628906,32.861839294433594,75942.63210916519
2023-07-18,1375.6029052734375,14361.552734375,2215.46142578125,2957.13671875,85.0,59180.23046875,1934.671630859375,10022.0693359375,11470.7392578125,4013.25,10703.8310546875,18.89681625366211,87.05563354492188,72.19136810302734,74.16378784179688,93.7245864868164,436.4821472167969,378.7256164550781,190.88699340820312,146.52999877929688,117.93000030517578,132.8300018310547,49.44761657714844,345.3399963378906,42.403411865234375,171.0,83.33394622802734,37.95151138305664,122.91577911376953,55.52000045776367,10.229999542236328,142.0,5.462900161743164,128.0740966796875,61.08930206298828,1.994080662727356,309.0896301269531,65.15304565429688,47.47999954223633,9.179497718811035,18.079999923706055,73.5497817993164,10.5600004196167,9.569999694824219,27.719112396240234,79.02999877929688,57.5667724609375,50.99005889892578,39.46067428588867,33.232460021972656,75837.64783000946
2023-07-19,1372.45654296875,14386.5,2238.852294921875,2969.509765625,85.0,59095.68359375,1938.8861083984375,10022.0693359375,11428.751953125,4003.530029296875,10702.486328125,19.15261459350586,87.32176208496094,72.21803283691406,73.96038055419922,93.83879852294922,437.4527893066406,378.6371765136719,192.2368621826172,145.53500366210938,116.43000030517578,135.36000061035156,50.231082916259766,342.42999267578125,42.85431671142578,173.8000030517578,84.39077758789062,37.87702178955078,121.62798309326172,,10.3149995803833,142.35000610351562,5.482999801635742,127.8499984741211,61.73176956176758,2.0366897583007812,313.0120849609375,65.02423858642578,47.75899887084961,9.275472640991211,18.049999237060547,73.40143585205078,10.1899995803833,9.850000381469727,26.76767349243164,78.19000244140625,57.55770492553711,50.998863220214844,39.2492561340332,33.375003814697266,76678.06766465027
2023-07-20,1372.45654296875,14386.5,2238.852294921875,2969.509765625,85.0,59095.68359375,1938.8861083984375,10022.0693359375,11428.751953125,3974.25,,19.127031326293945,86.86931610107422,72.12913513183594,73.51115417480469,93.21065521240234,434.550537109375,369.908935546875,190.2957763671875,145.27999877929688,110.25,129.9600067138672,47.36498260498047,346.6099853515625,42.755123138427734,165.1999969482422,83.58604431152344,37.59769058227539,118.40849304199219,,10.430000305175781,140.6219940185547,5.460299968719482,126.96739959716797,62.3375244140625,2.028167724609375,299.6500549316406,62.636478424072266,43.742000579833984,9.323463439941406,17.1299991607666,72.21466827392578,10.130000114440918,9.569999694824219,23.82509422302246,76.16999816894531,57.3399543762207,50.94594192504883,39.34321212768555,33.62207794189453,76015.60424852371
2023-07-21,1379.3787841796875,14394.818359375,2255.560302734375,2953.01318359375,84.16999816894531,56652.0390625,1954.9029541015625,10109.5634765625,11579.9072265625,3977.25,10697.5380859375,19.13982391357422,86.9314193725586,72.13802337646484,73.73999786376953,93.25824737548828,434.550537109375,368.79949951171875,189.1232452392578,148.77000427246094,110.94999694824219,130.0,47.53357696533203,345.760009765625,42.430458068847656,166.60000610351562,84.52651977539062,37.54182815551758,119.18115234375,,10.5,141.7449951171875,5.484799861907959,,62.54555892944336,1.9770374298095703,291.46844482421875,62.82472610473633,42.75,9.549694061279297,16.43000030517578,72.18499755859375,9.420000076293945,9.430000305175781,24.443035125732422,76.12000274658203,57.539554595947266,50.95476531982422,39.34791564941406,33.508052825927734,76123.86466026306
2023-07-24,1396.3692626953125,14303.3427734375,2238.852294921875,2921.668212890625,85.0,59180.23046875,1922.0264892578125,10181.150390625,11697.4677734375,3971.56005859375,10697.5380859375,19.069477081298828,86.771728515625,72.04912567138672,73.88407135009766,93.59134674072266,436.49176025390625,369.3885803222656,189.9213409423828,147.6199951171875,110.61000061035156,128.8000030517578,47.017879486083984,349.6300048828125,42.98057174682617,166.8000030517578,83.96416473388672,38.05392837524414,120.7364273071289,,10.585000038146973,141.7449951171875,5.482999801635742,,62.732181549072266,1.9855589866638184,288.843505859375,62.527496337890625,42.83700180053711,9.817057609558105,16.31999969482422,72.87728118896484,9.4399995803833,9.449999809265137,24.423416137695312,77.13999938964844,57.249229431152344,50.893009185791016,39.470069885253906,33.83116149902344,75735.57351435535
2023-07-25,1411.4718017578125,14344.923828125,2213.790283203125,2825.15869140625,85.0,59180.23046875,1922.8695068359375,10181.150390625,11756.25,3948.6298828125,10694.392578125,18.928791046142578,86.67414855957031,72.04021453857422,73.7908706665039,93.8958969116211,437.6834411621094,371.8922119140625,190.778564453125,148.64999389648438,113.0,129.1300048828125,46.87903594970703,347.5799865722656,42.46653747558594,162.39999389648438,83.02368927001953,38.37050247192383,121.63789367675781,55.66999816894531,10.472999572753906,140.7169952392578,5.4567999839782715,127.21829986572266,62.68321990966797,2.0026025772094727,291.6763916015625,63.31020736694336,42.77000045776367,9.981590270996094,16.549999237060547,72.15532684326172,9.359999656677246,9.329999923706055,25.6298770904541,76.87000274658203,57.358097076416016,50.893009185791016,40.179508209228516,33.612579345703125,74742.78997031227
2023-07-26,1399.515625,14128.7099609375,2188.72900390625,2821.034423828125,85.0,56652.0390625,1933.2720947265625,10340.23046875,11924.1962890625,3973.0,10670.5712890625,19.024715423583984,86.95803833007812,72.1113510131836,74.0281982421875,94.01962280273438,437.750732421875,370.6551208496094,191.64566040039062,150.1699981689453,110.08999633789062,128.14999389648438,47.880680084228516,349.79998779296875,42.8272590637207,164.39999389648438,83.24669647216797,38.59396743774414,128.44342041015625,,10.50100040435791,140.7169952392578,5.498199939727783,,62.75971603393555,1.9770374298095703,295.7375183105469,63.12195587158203,42.266998291015625,9.967879295349121,16.43000030517578,72.62014770507812,9.369999885559082,9.520000457763672,24.580352783203125,77.41000366210938,57.466976165771484,50.95476531982422,40.04325485229492,33.81215286254883,75585.19437789917
2023-07-27,1383.7838134765625,14328.291015625,2213.790283203125,2845.78076171875,85.0,56660.48828125,1937.2001953125,10491.3564453125,11882.2109375,3947.43994140625,10643.6015625,19.043899536132812,86.21281433105469,72.00464630126953,73.32469940185547,93.42955017089844,434.848388671875,369.7714538574219,190.3844757080078,148.5,111.0999984741211,128.25,46.48234558105469,349.30999755859375,43.17897033691406,158.60000610351562,82.76191711425781,38.11910629272461,128.65145874023438,56.47999954223633,10.513999938964844,140.53700256347656,5.482800006866455,126.94349670410156,62.236568450927734,1.9344289302825928,308.75286865234375,63.300296783447266,41.31700134277344,9.385161399841309,16.149999618530273,71.23558807373047,10.710000038146973,9.09000015258789,25.95355987548828,75.7699966430664,57.131282806396484,50.8753662109375,39.78485107421875,33.38450622558594,75174.64966905862
2023-07-28,1388.1885986328125,14195.2373046875,2213.790283203125,2887.023193359375,84.9000015258789,56652.0390625,1937.2001953125,10491.3564453125,12092.1435546875,3954.25,10643.6015625,19.24213981628418,86.54994201660156,72.10244750976562,74.21468353271484,94.4098129272461,439.105712890625,376.5067138671875,192.95616149902344,153.3300018310547,112.95999908447266,132.2100067138672,49.03108596801758,349.80999755859375,42.755123138427734,164.60000610351562,83.50846862792969,39.0408935546875,131.76197814941406,56.0,10.425999641418457,140.2760009765625,5.482999801635742,,62.805599212646484,1.951472282409668,322.3922119140625,64.31088256835938,42.577999114990234,9.549694061279297,17.809999465942383,73.1640853881836,13.270000457763672,9.550000190734863,27.611215591430664,78.36000061035156,57.6212043762207,50.91947555541992,40.062049865722656,33.45103454589844,76088.23136854172
2023-07-31,1388.1885986328125,14195.2373046875,2213.790283203125,2887.023193359375,84.9000015258789,56652.0390625,1937.2001953125,10491.3564453125,12092.1435546875,3926.2900390625,10769.880859375,19.542699813842773,86.65644073486328,72.12023162841797,74.31639099121094,94.59064483642578,439.9417419433594,376.703125,193.5670623779297,152.19000244140625,114.4000015258789,133.67999267578125,50.032737731933594,351.9599914550781,42.98057174682617,173.1999969482422,86.18447875976562,39.05952072143555,131.8610382080078,,10.359999656677246,140.24000549316406,5.470200061798096,126.84649658203125,62.496604919433594,1.951472282409668,315.57745361328125,64.52886199951172,43.89699935913086,10.06385612487793,19.84000015258789,74.9837875366211,13.3100004196167,11.449999809265137,27.86623764038086,80.52999877929688,57.60307312011719,50.93712615966797,40.273475646972656,33.574581146240234,76730.30761547945
2023-08-01,1441.048095703125,14220.185546875,2205.4365234375,2877.94970703125,84.9000015258789,57074.81640625,1919.4971923828125,10340.23046875,11638.6884765625,3906.02001953125,10788.1494140625,19.127031326293945,86.08264923095703,72.05963897705078,73.57432556152344,93.9339599609375,438.6828308105469,375.82928466796875,192.7393798828125,148.91000366210938,117.5999984741211,131.69000244140625,49.04100799560547,352.260009765625,42.4484977722168,168.0,86.32020568847656,38.56603240966797,130.6525115966797,55.650001525878906,10.279000282287598,139.63800048828125,5.46120023727417,,62.285518646240234,1.9003419876098633,319.6484680175781,65.32147216796875,43.86199951171875,9.727936744689941,19.989999771118164,74.69699096679688,12.520000457763672,10.350000381469727,27.98394203186035,78.76000213623047,56.96797180175781,50.91146469116211,40.09493637084961,33.574581146240234,74710.5672747055
2023-08-02,1422.8555908203125,14067.853515625,2165.529541015625,2875.84619140625,84.88999938964844,56307.7578125,1913.7230224609375,10526.115234375,11499.7529296875,3968.780029296875,10727.8642578125,18.289304733276367,85.8780517578125,72.09528350830078,73.04672241210938,92.3826675415039,432.5804443359375,367.5820617675781,189.75387573242188,144.55999755859375,109.3499984741211,128.2100067138672,46.3038330078125,351.19000244140625,41.76313018798828,162.39999389648438,83.67330169677734,37.64424514770508,127.43301391601562,,10.343999862670898,138.57899475097656,5.470200061798096,126.0613021850586,62.667930603027344,1.8492118120193481,311.3281555175781,61.53672409057617,42.970001220703125,9.631958961486816,18.969999313354492,72.39268493652344,11.109999656677246,10.079999923706055,24.796146392822266,74.48999786376953,55.93367004394531,50.92914962768555,39.596920013427734,33.28948211669922,72586.22737515206
2023-08-03,1466.218994140625,13995.6552734375,2172.020751953125,2887.023193359375,83.0,57074.81640625,1938.8861083984375,10348.1845703125,11504.3310546875,4041.530029296875,10726.0341796875,18.39801788330078,85.29981994628906,72.12203216552734,72.42552185058594,92.16378021240234,431.3406677246094,366.9929504394531,188.3645782470703,140.8800048828125,113.1500015258789,128.91000366210938,45.80796813964844,353.80999755859375,41.672935485839844,162.1999969482422,82.88794708251953,37.79322052001953,127.56178283691406,54.599998474121094,10.270000457763672,138.28900146484375,5.49399995803833,126.5333023071289,62.44461441040039,1.874776840209961,310.21881103515625,61.774505615234375,43.099998474121094,9.618247985839844,18.709999084472656,63.47216796875,8.8100004196167,10.050000190734863,24.66863250732422,73.55000305175781,55.77943801879883,50.94685745239258,39.35261535644531,33.30848693847656,74356.14175490104
2023-08-04,1466.218994140625,13995.6552734375,2172.020751953125,2887.023193359375,83.0,57074.81640625,1938.8861083984375,10348.1845703125,11504.3310546875,4115.56005859375,10751.611328125,18.807287216186523,86.0025863647461,72.26465606689453,73.3871078491211,91.97344207763672,429.3898620605469,365.2747802734375,179.31927490234375,140.1699981689453,115.81999969482422,139.57000732421875,45.004669189453125,349.989990234375,41.70030975341797,161.0,83.67330169677734,37.74666976928711,127.33393096923828,54.900001525878906,10.270000457763672,139.11000061035156,5.493800163269043,126.97350311279297,61.74094009399414,1.8730343580245972,307.78216552734375,62.11137008666992,43.15999984741211,9.268619537353516,18.200000762939453,62.05793762207031,8.020000457763672,9.5,24.40380096435547,63.52000045776367,55.879241943359375,51.044185638427734,39.26333999633789,33.175445556640625,77402.5200774381
2023-08-07,1466.218994140625,13995.6552734375,2172.020751953125,2887.023193359375,83.0,57074.81640625,1938.8861083984375,10348.1845703125,11504.3310546875,4088.77001953125,,18.845657348632812,86.02037048339844,72.2914047241211,73.14884185791016,92.59205627441406,433.1378173828125,368.3674621582031,176.22537231445312,143.1999969482422,116.80999755859375,142.22000122070312,44.776573181152344,362.5799865722656,41.80978012084961,160.1999969482422,84.18717956542969,37.690799713134766,130.70204162597656,,10.270000457763672,139.22000122070312,5.495800018310547,127.13359832763672,62.22738265991211,1.8991698026657104,313.55682373046875,62.96343231201172,44.07600021362305,9.23434066772461,17.989999771118164,63.70952224731445,7.980000019073486,9.390000343322754,25.168874740600586,64.01000213623047,56.41453552246094,51.07073211669922,39.521751403808594,33.64109420776367,77055.55876544863
2023-08-08,1488.243896484375,14137.0244140625,2138.604736328125,2951.36279296875,83.0,55803.95703125,1938.8861083984375,10566.8251953125,11369.9736328125,4027.10009765625,10751.611328125,18.711366653442383,86.22496795654297,72.32703399658203,73.3360595703125,92.05908966064453,431.2542419433594,365.2355041503906,177.16143798828125,139.5500030517578,113.2300033569336,139.94000244140625,44.53855514526367,363.7300109863281,41.198551177978516,159.8000030517578,85.44760131835938,37.23456954956055,130.60296630859375,,10.380999565124512,139.9600067138672,5.475200176239014,127.46369934082031,61.81742858886719,1.8817461729049683,309.6740417480469,61.38810729980469,43.83000183105469,9.248050689697266,17.040000915527344,62.49308395385742,8.149999618530273,9.3100004196167,23.991840362548828,62.380001068115234,56.1151237487793,51.08842468261719,39.10360336303711,33.33699035644531,75352.54647735972
2023-08-09,1437.2724609375,14137.0244140625,2159.490234375,2953.01318359375,85.0,57254.39453125,1949.84521484375,10570.8974609375,11420.357421875,4049.469970703125,10629.2060546875,18.500333786010742,86.28724670410156,72.28245544433594,73.48921966552734,91.66888427734375,428.3712158203125,361.2198486328125,175.57504272460938,137.8699951171875,110.47000122070312,137.85000610351562,42.93195724487305,358.0199890136719,40.54170608520508,159.39999389648438,84.82707977294922,37.327674865722656,128.9288330078125,,10.534000396728516,141.0,5.498799800872803,,61.88780212402344,1.8730343580245972,302.3145446777344,59.38675308227539,42.88999938964844,9.323463439941406,15.25,61.33598709106445,7.800000190734863,8.989999771118164,22.64806365966797,62.709999084472656,56.242149353027344,51.07073211669922,38.94386291503906,33.08991241455078,74916.54611443495
2023-08-10,1428.46240234375,14137.0244140625,2096.83544921875,2895.272216796875,85.0999984741211,57466.44140625,1974.2918701171875,10239.1748046875,11571.5087890625,4051.719970703125,10476.6533203125,18.302093505859375,85.726806640625,72.2468032836914,73.20838928222656,91.8116455078125,428.52496337890625,361.8874816894531,175.3582305908203,135.97000122070312,110.2300033569336,138.55999755859375,42.62451934814453,356.9800109863281,40.45048522949219,156.1999969482422,88.96711730957031,37.383544921875,128.98828125,,10.534000396728516,139.8699951171875,5.497799873352051,127.56379699707031,61.7011833190918,1.8643226623535156,302.8394470214844,58.38607406616211,42.99800109863281,9.378305435180664,15.40999984741211,62.097496032714844,7.53000020980835,8.720000267028809,22.3734188079834,62.2400016784668,56.459903717041016,51.044185638427734,38.9720573425293,33.11841583251953,74154.9577633664
2023-08-11,1447.3408203125,13987.337890625,2159.490234375,2813.610595703125,85.0,56830.28515625,1978.5068359375,10570.8974609375,11504.3310546875,3987.02001953125,10504.9716796875,18.033512115478516,85.45994567871094,72.17550659179688,73.0382308959961,91.46903228759766,428.27508544921875,359.5802001953125,175.41748046875,133.67999267578125,107.56999969482422,138.41000366210938,42.396419525146484,358.3500061035156,40.66031265258789,156.1999969482422,86.31050872802734,36.83419418334961,128.94863891601562,54.68000030517578,10.515000343322754,138.88600158691406,5.458799839019775,126.62329864501953,61.87556457519531,1.8730343580245972,298.77838134765625,56.56305694580078,42.16600036621094,9.344027519226074,15.40999984741211,60.86128616333008,7.5,8.649999618530273,20.73538589477539,60.56999969482422,55.97904586791992,50.999942779541016,38.86399459838867,33.18494415283203,71899.97382687218
2023-08-14,1431.6087646484375,14053.8662109375,2130.251220703125,2783.915771484375,85.0,56830.28515625,1953.21728515625,10570.8974609375,11504.3310546875,3963.110107421875,10484.4208984375,17.745744705200195,85.39767456054688,72.11309051513672,72.45104217529297,91.64984893798828,430.6391906738281,363.615478515625,177.06520080566406,133.24000549316406,111.9800033569336,140.57000732421875,42.56501388549805,358.4800109863281,40.23154067993164,156.1999969482422,86.10690307617188,36.657283782958984,130.59304809570312,54.599998474121094,10.460000038146973,137.7689971923828,5.429999828338623,126.1530990600586,61.606346130371094,1.8643226623535156,303.2852478027344,59.02016830444336,42.77799987792969,9.25490665435791,15.720000267028809,62.57220458984375,7.440000057220459,8.680000305175781,22.49112319946289,60.150001525878906,55.87017059326172,50.94685745239258,38.94855880737305,33.11841583251953,70328.34020490712
2023-08-15,1425.316162109375,14053.8662109375,2129.41552734375,2750.921142578125,85.0,57245.93359375,1953.21728515625,10570.8974609375,11411.9599609375,4038.25,10379.8271484375,17.093463897705078,85.16639709472656,72.13983154296875,71.83836364746094,90.52684020996094,425.6226806640625,359.7569274902344,175.0819854736328,129.85000610351562,111.3499984741211,137.6699981689453,41.82121658325195,354.5,39.41960144042969,151.8000030517578,84.41017150878906,36.23828887939453,129.04771423339844,,10.567999839782715,138.19900512695312,5.450900077819824,,60.96080017089844,1.8381870985031128,299.0854797363281,58.57432556152344,42.369998931884766,9.20691967010498,15.369999885559082,58.81411361694336,7.039999961853027,8.369999885559082,21.382749557495117,58.36000061035156,55.15342330932617,50.97339630126953,38.314300537109375,32.51021957397461,69027.68058490753
2023-08-16,1451.7457275390625,14045.5498046875,2172.020751953125,2730.29931640625,85.0,56406.19140625,1953.21728515625,9902.759765625,11504.3310546875,4094.699951171875,10441.029296875,17.413211822509766,84.96182250976562,72.10418701171875,71.70220184326172,89.83208465576172,422.4994201660156,355.947509765625,174.21376037597656,128.8300018310547,107.19000244140625,135.07000732421875,40.89891052246094,354.1099853515625,38.89961242675781,145.8000030517578,83.7217788696289,35.912410736083984,127.89860534667969,,10.5,138.19900512695312,5.480000019073486,126.34320068359375,60.67323684692383,1.8294754028320312,291.4981384277344,56.840476989746094,41.54499816894531,9.487992286682129,15.449999809265137,59.02179718017578,6.960000038146973,8.260000228881836,20.137062072753906,57.4900016784668,54.81772232055664,50.94685745239258,38.055885314941406,32.462711334228516,71301.87759937625
2023-08-17,1445.4530029296875,13721.23046875,2130.251220703125,2730.29931640625,85.0,57373.15625,1953.21728515625,9902.759765625,11462.341796875,4122.5,10413.623046875,17.349258422851562,84.87283325195312,72.18443298339844,71.64262390136719,89.24202728271484,419.280029296875,352.05950927734375,171.6780242919922,127.98999786376953,104.44000244140625,133.97999572753906,39.90718078613281,353.19000244140625,38.73540115356445,144.0,83.30486297607422,35.9962043762207,129.2359161376953,,10.428999900817871,137.06900024414062,5.441100120544434,126.17549896240234,59.97263717651367,1.8381870985031128,282.3854064941406,57.02872085571289,40.29999923706055,9.419439315795898,14.149999618530273,57.953704833984375,6.820000171661377,8.109999656677246,19.528926849365234,56.099998474121094,54.345947265625,50.999942779541016,37.98072052001953,32.3011474609375,71522.31784820557
2023-08-18,1466.218994140625,13579.859375,2096.83544921875,2763.293701171875,81.3499984741211,57339.22265625,1953.21728515625,10199.7705078125,11336.3828125,4096.0,10421.8486328125,17.368446350097656,85.05967712402344,72.21113586425781,71.62562561035156,89.2039566040039,419.4818420410156,351.6177062988281,172.16152954101562,125.05999755859375,105.44999694824219,133.22000122070312,40.046024322509766,352.55999755859375,38.5438232421875,141.1999969482422,83.3436508178711,35.75412368774414,126.907958984375,,10.359999656677246,137.89999389648438,5.467199802398682,,60.2235107421875,1.8381870985031128,280.5628356933594,57.05844497680664,40.452999114990234,9.522272109985352,14.399999618530273,58.76466369628906,6.820000171661377,8.220000267028809,19.76433563232422,56.880001068115234,54.255210876464844,51.01762390136719,37.97602844238281,32.291648864746094,71141.15625
2023-08-21,1466.218994140625,13579.859375,2096.83544921875,2763.293701171875,81.3499984741211,57339.22265625,1953.21728515625,10199.7705078125,11336.3828125,4116.89013671875,,17.515527725219727,84.63267517089844,72.13094329833984,71.2682113647461,89.67029571533203,422.21112060546875,357.2828063964844,173.49346923828125,124.0,108.22000122070312,134.67999267578125,40.760066986083984,352.0899963378906,38.379608154296875,139.39999389648438,83.2660903930664,35.837921142578125,127.72026824951172,54.06999969482422,10.310999870300293,136.3300018310547,5.449999809265137,125.24839782714844,59.908390045166016,1.8381870985031128,287.1497802734375,59.475921630859375,40.82899856567383,9.378305435180664,14.5,58.853668212890625,6.920000076293945,8.289999961853027,21.461219787597656,57.560001373291016,54.56369400024414,50.97339630126953,37.98072052001953,32.25363540649414,72109.5033313809
2023-08-22,1462.4434814453125,13006.0615234375,2155.31298828125,2726.17529296875,85.0,56406.19140625,1953.21728515625,9878.8974609375,11160.0400390625,4061.31005859375,10276.6044921875,17.285310745239258,84.72161865234375,72.09528350830078,71.46395111083984,89.47044372558594,421.0673828125,356.7722473144531,174.86492919921875,127.08000183105469,105.66000366210938,134.25,40.67081069946289,350.57000732421875,37.42171859741211,140.39999389648438,83.1788330078125,35.763431549072266,128.47315979003906,54.09000015258789,10.37399959564209,136.67799377441406,5.4629998207092285,,59.6299934387207,1.8207637071609497,284.87158203125,59.039981842041016,41.31700134277344,9.599114418029785,14.670000076293945,60.307456970214844,6.820000171661377,8.149999618530273,20.94136619567871,56.06999969482422,54.36408615112305,50.93801498413086,37.94783020019531,31.949541091918945,70201.00639555883
2023-08-23,1453.6337890625,12523.740234375,2090.98779296875,2610.694580078125,85.0,55133.87109375,1879.8763427734375,9536.875,10580.6240234375,4111.25,10052.3447265625,17.534711837768555,85.5311279296875,72.22897338867188,72.61270141601562,90.52684020996094,425.75726318359375,362.39801025390625,178.70303344726562,128.1300048828125,109.43000030517578,135.52000427246094,41.612953186035156,354.260009765625,37.4764518737793,141.39999389648438,83.21760559082031,36.33140563964844,131.9601287841797,54.349998474121094,10.354999542236328,137.6490020751953,5.459000110626221,125.86090087890625,59.94816207885742,1.8468987941741943,291.4486083984375,60.93235397338867,42.755001068115234,10.323307991027832,15.300000190734863,61.078853607177734,6.840000152587891,8.430000305175781,22.16744041442871,57.220001220703125,54.81772232055664,51.01762390136719,38.008914947509766,32.26314163208008,72089.58404302597
2023-08-24,1449.85791015625,12723.3232421875,2088.481689453125,2594.196533203125,85.0,55557.97265625,1863.0169677734375,9886.8505859375,10580.6240234375,4092.199951171875,10066.5068359375,17.394023895263672,85.33543395996094,72.18443298339844,72.11917114257812,89.37527465820312,419.85662841796875,354.6514892578125,174.02630615234375,124.72000122070312,101.80000305175781,131.83999633789062,40.13528060913086,354.29998779296875,37.4764518737793,135.8000030517578,79.95987701416016,36.191734313964844,129.1962890625,,10.279999732971191,137.6490020751953,5.491499900817871,126.0,59.734012603759766,1.812051773071289,284.0296325683594,56.76121520996094,40.69300079345703,10.287806510925293,14.140000343322754,60.040435791015625,6.710000038146973,8.119999885559082,20.019359588623047,55.630001068115234,54.05561828613281,50.999942779541016,37.84916305541992,32.14910888671875,71179.82373488043
2023-08-25,1453.6337890625,12906.2724609375,2130.251220703125,2608.2197265625,86.16999816894531,54836.98828125,1830.6632080078125,9226.6669921875,10496.6513671875,4080.25,10101.21875,17.27891731262207,85.28203582763672,72.13983154296875,72.22977447509766,89.91773986816406,422.8165588378906,357.4006042480469,176.22650146484375,125.79000091552734,102.25,133.25999450683594,40.63114547729492,355.92999267578125,37.622413635253906,136.60000610351562,80.82279205322266,36.22897720336914,129.46377563476562,53.95000076293945,10.362000465393066,137.18899536132812,5.452000141143799,,60.113365173339844,1.812051773071289,282.79144287109375,53.006202697753906,41.60300064086914,10.160011291503906,14.529999732971191,60.51514434814453,6.909999847412109,8.289999961853027,20.264572143554688,55.86000061035156,54.44573974609375,50.95570755004883,37.96193313598633,32.3011474609375,70502.3023648262
2023-08-28,1475.658203125,13280.4873046875,2105.189697265625,2507.58642578125,80.19999694824219,53018.20703125,1864.702880859375,9624.369140625,10085.1845703125,4120.35009765625,10126.79296875,17.515527725219727,85.4688491821289,72.18443298339844,72.45956420898438,90.61248016357422,425.4977722167969,360.09075927734375,177.7854461669922,126.15499877929688,102.61000061035156,133.13999938964844,40.740234375,355.54998779296875,37.69540023803711,138.60000610351562,81.59844970703125,36.58279800415039,130.5534210205078,,10.375,137.5500030517578,5.4558000564575195,,60.39177703857422,1.8468987941741943,287.50634765625,54.6607780456543,41.805999755859375,10.294909477233887,14.640000343322754,60.989845275878906,6.860000133514404,8.229999542236328,21.010028839111328,55.869998931884766,55.017330169677734,50.991085052490234,38.23912811279297,32.481712341308594,72170.10637310985
2023-08-29,1503.975830078125,13538.279296875,2075.950439453125,2482.84033203125,82.02999877929688,55133.87109375,1812.437255859375,9588.0,10244.732421875,4121.93017578125,10148.7177734375,17.669002532958984,86.02037048339844,72.34487915039062,73.20838928222656,91.89729309082031,431.6482238769531,367.9551086425781,181.66299438476562,132.25,105.91999816894531,134.91000366210938,42.95178985595703,358.2900085449219,38.060306549072266,144.8000030517578,81.83113861083984,37.048343658447266,134.21871948242188,54.900001525878906,10.395999908447266,138.4510040283203,5.510000228881836,126.6500015258789,60.50802993774414,1.8643226623535156,295.1629943847656,55.602012634277344,42.999000549316406,10.351707458496094,15.399999618530273,61.810691833496094,7.269999980926514,8.460000038146973,22.62844467163086,57.7599983215332,55.797584533691406,51.09727096557617,38.873390197753906,32.776309967041016,72830.39471655898
2023-08-30,1535.439697265625,13837.6533203125,2073.444580078125,2499.33740234375,84.0999984741211,52207.53515625,1778.725830078125,9257.37890625,10261.52734375,4108.39990234375,10219.0556640625,17.496341705322266,85.98479461669922,72.34487915039062,73.0126724243164,92.1257095336914,433.4260559082031,370.007080078125,185.14590454101562,130.61000061035156,106.58999633789062,135.07000732421875,43.24930953979492,361.05999755859375,37.74101257324219,146.39999389648438,81.71477508544922,36.92729949951172,135.64520263671875,55.20000076293945,10.409000396728516,139.07000732421875,5.485300064086914,126.97350311279297,60.49884033203125,1.8643226623535156,292.30047607421875,56.810752868652344,43.46699905395508,10.323307991027832,16.329999923706055,62.72054672241211,7.150000095367432,8.739999771118164,22.952129364013672,57.720001220703125,55.77037811279297,51.10611343383789,38.9626579284668,32.79531478881836,71881.96855351888
2023-08-31,1483.209716796875,12457.2138671875,2046.7120361328125,2393.7548828125,83.41999816894531,50120.92578125,1702.8480224609375,9216.0517578125,10496.6513671875,4096.77978515625,10063.763671875,17.074281692504883,86.10932922363281,72.41619110107422,72.94461059570312,91.84019470214844,432.7918701171875,371.11651611328125,185.3629608154297,131.5500030517578,105.72000122070312,138.00999450683594,43.38814926147461,360.20001220703125,37.668025970458984,143.1999969482422,81.13304901123047,36.471065521240234,136.061279296875,,10.413000106811523,139.25,5.484899997711182,126.94999694824219,60.10724639892578,1.8294754028320312,293.0829162597656,57.71235275268555,43.36800003051758,9.975411415100098,14.979999542236328,61.820579528808594,7.139999866485596,8.65999984741211,23.4033260345459,57.650001525878906,55.271366119384766,51.17690658569336,38.94386291503906,32.67177963256836,69949.57208391745
2023-09-01,1500.8294677734375,12931.2197265625,2046.7120361328125,2540.58056640625,83.94999694824219,50120.92578125,1707.0631103515625,8900.615234375,10076.78515625,4086.800048828125,9810.7333984375,17.336471557617188,85.66336059570312,72.37683868408203,72.7643051147461,92.09716033935547,433.59912109375,370.72381591796875,186.9317169189453,132.69000244140625,109.44999694824219,138.1199951171875,43.25922393798828,362.4599914550781,37.94171142578125,148.8000030517578,79.15514373779297,36.89937210083008,135.51641845703125,,10.345000267028809,138.26100158691406,5.51140022277832,,59.73095703125,1.8207637071609497,293.56829833984375,57.41512680053711,43.987998962402344,10.287806510925293,15.180000305175781,62.86888885498047,7.079999923706055,8.789999961853027,23.560264587402344,58.16999816894531,55.08083724975586,51.14495086669922,39.38080596923828,32.96636962890625,70850.69280817732
2023-09-04,1491.390380859375,12806.48046875,1948.13525390625,2483.66552734375,83.94999694824219,51124.46484375,1704.42431640625,9053.8076171875,9992.8125,4061.449951171875,9797.03125,,,,,,,,,,,,,,,,,,,,,,,,,,,,,,,,,,,,,,,,
2023-09-05,1520.337158203125,11650.5703125,1979.8807373046875,2477.06591796875,80.0,48424.50390625,1674.3128662109375,8926.7587890625,9740.8935546875,4054.330078125,9774.193359375,16.27492332458496,85.19955444335938,72.2874755859375,72.05503845214844,91.564208984375,431.72515869140625,371.19512939453125,187.1685333251953,142.2899932861328,110.77999877929688,137.27000427246094,43.64599609375,360.4700012207031,37.73189163208008,145.1999969482422,78.71884155273438,36.601417541503906,135.42727661132812,,10.289999961853027,137.50100708007812,5.480000019073486,126.0,59.14661407470703,1.7859164476394653,297.30255126953125,57.355674743652344,44.86800003051758,10.507906913757324,15.210000038146973,63.03702163696289,7.0,8.75,23.560264587402344,58.7400016784668,54.418521881103516,51.073951721191406,38.652565002441406,32.633758544921875,65983.91115404293
2023-09-06,1523.4835205078125,11475.9375,1934.7694091796875,2515.010009765625,85.0,43598.16015625,1669.128173828125,8720.1201171875,9900.4404296875,4084.75,9573.2294921875,16.172607421875,85.11925506591797,72.20708465576172,71.94393920898438,91.03125,428.8229064941406,367.92559814453125,180.46913146972656,141.77000427246094,109.27999877929688,135.36000061035156,43.8046760559082,361.6700134277344,37.74101257324219,141.1999969482422,78.51522827148438,36.39657974243164,134.099853515625,,10.15999984741211,137.61399841308594,5.468200206756592,126.36579895019531,58.984474182128906,1.7684929370880127,296.33184814453125,56.186561584472656,44.57600021362305,10.600204467773438,15.300000190734863,62.10738754272461,7.0,8.539999961853027,22.991363525390625,57.63999938964844,54.21892166137695,51.02070236206055,38.5680046081543,32.61475372314453,66061.0581665039
2023-09-07,1500.8294677734375,11974.890625,1871.279296875,3282.958251953125,84.5,45862.87890625,2024.0286865234375,8819.306640625,9908.8388671875,4064.449951171875,9670.9697265625,15.948785781860352,85.38684844970703,72.34110260009766,72.32848358154297,90.68862915039062,427.50628662109375,365.29437255859375,175.1905059814453,143.27000427246094,106.58999633789062,137.85000610351562,43.64599609375,361.79998779296875,37.15715408325195,125.80000305175781,78.11770629882812,35.9682731628418,134.92205810546875,,10.29800033569336,137.96499633789062,5.465099811553955,126.22309875488281,59.1986198425293,1.7423574924468994,295.8366394042969,56.057769775390625,44.31399917602539,10.337508201599121,15.210000038146973,60.970069885253906,6.960000038146973,8.569999694824219,21.451417922973633,56.040000915527344,53.9830207824707,51.10945129394531,38.39417266845703,32.52922821044922,64823.041592333
2023-09-08,1528.517822265625,11891.732421875,1862.925537109375,3452.880126953125,85.0,43937.453125,2151.32080078125,8819.306640625,10244.732421875,4027.030029296875,9749.529296875,16.210975646972656,85.43147277832031,72.30536651611328,72.38829040527344,90.72669219970703,428.1501159667969,365.8049011230469,175.80223083496094,145.82000732421875,106.08999633789062,138.22999572753906,43.68000030517578,363.1499938964844,37.0294303894043,114.4000015258789,79.09696197509766,36.04275894165039,135.9126739501953,54.599998474121094,10.225000381469727,137.91900634765625,5.492800235748291,126.25,59.28733825683594,1.7597811222076416,295.06396484375,55.22552490234375,44.279998779296875,10.422708511352539,15.130000114440918,60.307456970214844,6.869999885559082,8.550000190734863,21.08849334716797,53.08000183105469,54.06468200683594,51.09170150756836,38.43174743652344,32.59574890136719,65282.08573455922
2023-09-11,1507.751708984375,11891.732421875,1879.6334228515625,3386.066162109375,82.38999938964844,42580.80859375,2151.32080078125,8519.0703125,10236.3349609375,4015.080078125,9727.6064453125,16.41560935974121,85.33334350585938,72.3232192993164,72.27721405029297,91.50709533691406,430.9659423828125,370.1151123046875,176.9665069580078,147.3300018310547,105.31999969482422,143.10000610351562,44.599998474121094,365.5199890136719,37.0294303894043,115.0,80.00834655761719,36.489688873291016,136.4476318359375,54.720001220703125,10.274999618530273,137.24099731445312,5.4670000076293945,126.56099700927734,59.89003372192383,1.7684929370880127,304.6422119140625,55.80016326904297,44.5359992980957,10.465307235717773,15.789999961853027,61.24698257446289,6.929999828338623,8.899999618530273,21.039453506469727,53.939998626708984,54.627201080322266,51.08283615112305,38.596195220947266,32.747806549072266,65909.98611057922
2023-09-12,1543.62060546875,12224.3681640625,1946.465087890625,3250.788330078125,82.38999938964844,42580.80859375,2067.021484375,8761.4482421875,10236.3349609375,3985.75,9819.865234375,17.119047164916992,85.360107421875,72.2874755859375,72.32848358154297,91.06932830810547,428.601806640625,366.01116943359375,173.94732666015625,147.5,105.30999755859375,141.22999572753906,44.0099983215332,367.7799987792969,38.02381896972656,113.4000015258789,81.13304901123047,36.377960205078125,134.79327392578125,54.900001525878906,10.222999572753906,137.27099609375,5.480999946594238,126.03690338134766,59.577980041503906,1.8207637071609497,298.7982177734375,55.1363525390625,43.46900177001953,10.522106170654297,15.59000015258789,62.11727523803711,7.070000171661377,9.0,20.539213180541992,54.33000183105469,54.27335739135742,51.073951721191406,38.506919860839844,32.96636962890625,68232.2422375679
2023-09-13,1515.9322509765625,12232.6845703125,1913.0494384765625,3214.49462890625,82.38999938964844,41729.203125,2141.204833984375,9092.0693359375,9505.7685546875,3982.580078125,9856.40625,17.26612663269043,85.4849853515625,72.35003662109375,72.37118530273438,91.09786224365234,429.1015930175781,367.4052429199219,171.88523864746094,144.71499633789062,107.70999908447266,144.85000610351562,43.43000030517578,367.82000732421875,38.65329360961914,116.0,80.93914031982422,36.33140563964844,136.2098846435547,,10.3149995803833,137.4199981689453,5.465400218963623,126.0,59.685054779052734,1.8207637071609497,302.16595458984375,55.08680725097656,41.2239990234375,10.515006065368652,15.600000381469727,62.146942138671875,6.980000019073486,8.800000190734863,20.82366180419922,54.150001525878906,54.04655075073242,51.10945129394531,38.281402587890625,32.96636962890625,68763.7319537364
2023-09-14,1545.5084228515625,12232.6845703125,1837.864013671875,3216.969482421875,85.0,39855.65625,2054.376220703125,9092.0693359375,9279.0390625,3959.75,9897.51171875,17.57947540283203,85.3689956665039,72.33218383789062,72.39684295654297,91.93537139892578,432.8014221191406,370.4096374511719,173.39483642578125,144.1199951171875,106.62999725341797,144.72000122070312,43.61000061035156,369.5,39.355743408203125,121.0,81.90870666503906,36.573482513427734,137.6858673095703,54.79999923706055,10.3149995803833,137.6909942626953,5.4704999923706055,,60.26633834838867,1.8381870985031128,308.7627258300781,55.32459259033203,40.04899978637695,10.912604331970215,15.829999923706055,63.72929763793945,7.139999866485596,9.050000190734863,21.235624313354492,53.849998474121094,54.69070053100586,51.100582122802734,38.82170867919922,33.27047348022461,69610.32772636414
2023-09-15,1517.1907958984375,12723.3232421875,1846.217529296875,3216.969482421875,70.61000061035156,40877.5859375,2067.021484375,9340.0341796875,8901.1611328125,3917.5,,17.662609100341797,85.17277526855469,72.29641723632812,72.1575927734375,91.19303131103516,427.5869445800781,364.0671691894531,172.67454528808594,142.75,101.48999786376953,140.38999938964844,43.060001373291016,367.8599853515625,38.96346664428711,112.4000015258789,82.97522735595703,36.4338264465332,137.0023651123047,,10.265000343322754,137.6909942626953,5.4670000076293945,,59.874732971191406,1.8381870985031128,297.46099853515625,53.987056732177734,39.694000244140625,10.79190444946289,15.329999923706055,63.501834869384766,6.929999828338623,9.069999694824219,19.411222457885742,52.83000183105469,54.60905075073242,51.09170150756836,38.389469146728516,33.09941864013672,69193.27115058899
2023-09-18,1536.6983642578125,12573.634765625,1927.2510986328125,3233.466552734375,75.48999786376953,41328.953125,2103.27001953125,9404.1083984375,9211.8623046875,3928.25,,18.110248565673828,85.29765319824219,72.2874755859375,72.20030975341797,91.09786224365234,427.8376770019531,364.4466247558594,175.59506225585938,142.5500030517578,102.37000274658203,139.97999572753906,42.0099983215332,370.42999267578125,38.89961242675781,107.4000015258789,82.43225860595703,36.38726806640625,137.6561737060547,,10.220000267028809,136.95899963378906,5.490699768066406,125.9729995727539,59.997127532958984,1.7859164476394653,299.67974853515625,54.274375915527344,39.439998626708984,10.926802635192871,15.460000038146973,62.24584197998047,6.900000095367432,8.670000076293945,19.548542022705078,51.25,54.22724914550781,51.073951721191406,38.22990417480469,33.19009780883789,71141.58392810822
2023-09-19,1566.2744140625,12640.162109375,1979.8807373046875,3216.14404296875,85.0,41780.3125,2107.485107421875,9340.0341796875,9186.6689453125,3895.449951171875,10066.5068359375,18.039901733398438,85.04792022705078,72.23387908935547,72.1148452758789,90.89801025390625,426.9504699707031,363.66986083984375,176.68040466308594,141.85000610351562,101.61000061035156,137.6300048828125,41.5099983215332,370.4800109863281,38.93610382080078,107.4000015258789,79.44601440429688,36.17311477661133,137.5273895263672,,10.175000190734863,136.95899963378906,5.478000164031982,,59.86863708496094,1.812051773071289,302.1759033203125,53.59074783325195,39.619998931884766,10.848702430725098,15.149999618530273,61.504112243652344,7.03000020980835,8.619999885559082,19.089723587036133,49.79999923706055,54.263694763183594,51.04732894897461,38.19684982299805,33.151912689208984,70273.53432651237
2023-09-20,1581.3770751953125,12665.1103515625,1967.349609375,3225.218017578125,80.0,42654.3671875,2133.617919921875,9092.0693359375,9237.0556640625,3921.75,10142.32421875,17.969560623168945,85.00332641601562,72.18920135498047,72.05503845214844,90.30792999267578,423.0253601074219,358.42926025390625,173.14816284179688,138.00999450683594,100.33999633789062,135.2899932861328,40.779998779296875,366.82000732421875,38.58943176269531,103.5999984741211,80.04713439941406,36.024139404296875,133.32713317871094,,10.244999885559082,137.5,5.481200218200684,126.00299835205078,59.963470458984375,1.8643226623535156,296.8271484375,52.45136642456055,38.630001068115234,10.884204864501953,14.739999771118164,60.18878173828125,6.840000152587891,8.319999694824219,18.15635871887207,47.56999969482422,54.36393356323242,51.0118293762207,37.79558181762695,32.92282485961914,70472.12437391281
2023-09-21,1553.0595703125,12656.7958984375,1921.4031982421875,3381.116943359375,85.0,41780.3125,2292.944091796875,9340.0341796875,9211.8623046875,3906.25,9978.8134765625,17.157413482666016,84.42353057861328,72.22492218017578,71.32868194580078,88.81375122070312,416.0334777832031,351.8612060546875,171.60894775390625,132.75,96.11000061035156,129.3300018310547,39.540000915527344,363.2799987792969,38.05118942260742,101.80000305175781,80.21196746826172,35.400306701660156,130.12745666503906,,10.1899995803833,135.66799926757812,5.457699775695801,125.3727035522461,59.388301849365234,1.8556108474731445,292.9244384765625,51.361515045166016,38.415000915527344,10.635705947875977,14.0,57.97348403930664,6.489999771118164,7.949999809265137,17.11492156982422,45.619998931884766,53.58027648925781,51.02958297729492,37.0355110168457,32.378719329833984,67021.14641666412
2023-09-22,1593.870849609375,12640.162109375,1941.820068359375,3480.92529296875,61.0,42921.4609375,2476.716552734375,9165.0283203125,9279.0390625,3941.75,9978.8134765625,17.547500610351562,84.78031921386719,72.29641723632812,71.61920928955078,88.75665283203125,415.09796142578125,351.9103698730469,172.45750427246094,132.1999969482422,96.19999694824219,129.1199951171875,38.81999969482422,360.1600036621094,37.33048629760742,100.4000015258789,78.77701568603516,35.819297790527344,130.01853942871094,,10.125,135.9600067138672,5.489999771118164,125.62789916992188,58.999759674072266,1.890458106994629,296.2426452636719,51.8172721862793,37.98099899291992,10.706704139709473,14.130000114440918,57.24164962768555,6.429999828338623,7.539999961853027,17.527568817138672,44.709999084472656,53.461814880371094,51.073951721191406,36.99775314331055,32.13053512573242,69167.86053085327
2023-09-25,1617.129150390625,12340.7919921875,1921.4031982421875,3571.66015625,80.0,43727.19140625,2630.141357421875,9252.642578125,9371.4111328125,3984.2900390625,10176.12109375,17.336471557617188,84.11134338378906,72.26959991455078,71.20902252197266,88.870849609375,416.8434753417969,353.5818176269531,173.7303009033203,134.13999938964844,97.37999725341797,131.27000427246094,38.79999923706055,361.7099914550781,37.42171859741211,98.4000015258789,78.5443115234375,35.661014556884766,130.92987060546875,52.76499938964844,10.095000267028809,135.572998046875,5.461599826812744,125.45269775390625,58.7978401184082,1.8730343580245972,297.9761047363281,52.14422607421875,38.47999954223633,10.678305625915527,14.220000267028809,58.210838317871094,6.389999866485596,7.510000228881836,17.900911331176758,45.59000015258789,53.097328186035156,51.05620193481445,37.290443420410156,32.206905364990234,69073.5309395045
2023-09-26,1578.137451171875,12058.05078125,2071.773681640625,3711.88720703125,80.0,42580.80859375,2852.69189453125,9257.37890625,9423.2841796875,4018.830078125,10139.5830078125,17.061492919921875,84.00431823730469,72.278564453125,70.7390365600586,87.5765151977539,410.7195739746094,348.2723693847656,169.665283203125,132.27999877929688,95.95999908447266,125.9800033569336,38.43000030517578,359.4200134277344,36.691890716552734,97.0,77.61354064941406,35.15821838378906,128.2353973388672,,10.149999618530273,135.16000366210938,5.471199989318848,,58.32447052001953,1.8643226623535156,296.12384033203125,51.23271942138672,37.92499923706055,10.40850830078125,13.960000038146973,58.280067443847656,6.230000019073486,7.400000095367432,16.938077926635742,44.810001373291016,52.432132720947266,51.06508255004883,36.75225830078125,31.77735137939453,68567.24092429876
2023-09-27,1607.5523681640625,12723.3232421875,2121.06201171875,3915.629150390625,85.0,44624.703125,3051.638427734375,9340.0341796875,9423.2841796875,4066.25,10240.06640625,17.227760314941406,83.70996856689453,72.22492218017578,70.4314193725586,87.6146011352539,410.88348388671875,349.0885009765625,168.15565490722656,134.02999877929688,98.06999969482422,125.9800033569336,38.68000030517578,357.7799987792969,36.910831451416016,100.4000015258789,77.46809387207031,35.214088439941406,130.2265625,,9.951000213623047,135.0780029296875,5.44789981842041,,57.632774353027344,1.8556108474731445,294.9154052734375,52.06496047973633,37.75899887084961,10.607304573059082,14.850000381469727,56.70760726928711,6.349999904632568,7.599999904632568,17.370370864868164,44.13999938964844,52.204315185546875,51.02070236206055,36.747535705566406,31.729612350463867,70052.3803806305
2023-09-28,1595.923095703125,12473.8447265625,2172.020751953125,4190.30908203125,85.0,45476.3203125,3263.22998046875,8860.6337890625,10374.2548828125,4102.5498046875,10477.5673828125,17.414270401000977,83.95970153808594,72.35003662109375,70.59373474121094,88.15707397460938,413.2655334472656,352.0086975097656,168.41221618652344,136.47000122070312,102.76000213623047,125.9800033569336,39.119998931884766,357.05999755859375,37.58592224121094,99.5999984741211,77.69110107421875,35.307193756103516,131.880859375,,10.149999618530273,134.6999969482422,5.4679999351501465,125.0,57.69761657714844,1.8643226623535156,301.0763854980469,53.501583099365234,37.63600158691406,10.536308288574219,15.770000457763672,57.53833770751953,6.539999961853027,7.769999980926514,18.313556671142578,44.349998474121094,52.714603424072266,51.10945129394531,37.14409637451172,31.958709716796875,71442.91163240187
2023-09-29,1617.813232421875,12407.3193359375,2154.477783203125,4050.081787109375,80.0,45135.66796875,3246.36962890625,9184.271484375,10607.67578125,4071.25,10294.8740234375,17.645753860473633,83.87945556640625,72.35896301269531,70.51686096191406,87.90963745117188,412.2625732421875,352.26434326171875,168.92526245117188,137.2100067138672,102.81999969482422,127.12000274658203,39.66999816894531,350.29998779296875,37.522064208984375,99.4000015258789,78.58309936523438,35.33512878417969,130.61288452148438,,10.03600025177002,135.0449981689453,5.459400177001953,125.01959991455078,57.59263229370117,1.8556108474731445,297.3619689941406,53.63037872314453,37.7599983215332,10.642805099487305,16.0,57.815250396728516,6.690000057220459,7.989999771118164,18.53952980041504,44.2599983215332,52.787506103515625,51.118324279785156,37.08272171020508,31.662797927856445,71840.27540445328
2023-10-02,1588.3983154296875,12141.2099609375,2088.481689453125,4046.7822265625,80.0,45144.18359375,3161.227783203125,9505.3447265625,10503.9345703125,4075.919921875,10240.06640625,17.29521942138672,83.29537963867188,72.2863998413086,69.7470474243164,87.51942443847656,412.0986633300781,355.2042541503906,171.43136596679688,136.55999755859375,103.2699966430664,129.4600067138672,39.040000915527344,348.0799865722656,36.94732666015625,95.0,79.1842269897461,35.15821838378906,133.90174865722656,,9.958000183105469,133.80299377441406,5.456299781799316,,57.16958236694336,1.7946281433105469,303.9093322753906,54.08613204956055,38.03300094604492,10.422708511352539,15.880000114440918,57.914146423339844,6.480000019073486,7.840000152587891,18.745851516723633,43.189998626708984,51.8853874206543,51.081825256347656,36.59174728393555,31.395524978637695,70493.92939282954
2023-10-03,1624.65380859375,11766.9931640625,2072.609375,3959.347412109375,85.0,44752.4453125,3194.947265625,9174.7236328125,10668.1943359375,4160.25,10290.3056640625,16.66690444946289,82.64250946044922,72.2326431274414,68.966064453125,86.34883117675781,406.5822448730469,348.9704895019531,170.09938049316406,127.7300033569336,100.08000183105469,124.72000122070312,37.970001220703125,343.0400085449219,36.36347579956055,87.5999984741211,77.11906433105469,34.692665100097656,132.0492706298828,,9.902999877929688,133.07000732421875,5.460000038146973,,56.752723693847656,1.7684929370880127,298.0850830078125,52.07487106323242,37.67499923706055,10.152910232543945,14.899999618530273,56.66804504394531,6.119999885559082,7.28000020980835,17.576692581176758,41.900001525878906,51.32954406738281,51.04622268676758,36.49261474609375,30.899152755737305,69338.48923587799
2023-10-04,1581.5576171875,11808.5751953125,2005.778076171875,4083.076416015625,78.12999725341797,46100.3203125,3119.077880859375,9245.494140625,10503.9345703125,4215.75,10157.8525390625,16.48832893371582,83.22384643554688,72.3938980102539,69.29217529296875,86.71998596191406,409.54302978515625,353.719482421875,171.34255981445312,127.41000366210938,104.06999969482422,127.0,38.529998779296875,343.69000244140625,36.31785583496094,88.0,76.90575408935547,34.59025573730469,134.99139404296875,,9.902999877929688,133.69000244140625,5.446899890899658,125.1010971069336,57.07386016845703,1.7684929370880127,302.6809997558594,52.81794738769531,37.689998626708984,9.840510368347168,15.729999542236328,57.92403793334961,6.519999980926514,7.46999979019165,18.313556671142578,41.900001525878906,51.584686279296875,51.14415740966797,36.92221450805664,31.12824821472168,69510.67270231247
2023-10-05,1587.71435546875,11650.5703125,2004.942138671875,4012.13818359375,73.5999984741211,43943.4140625,3123.29296875,9337.6875,10771.93359375,4285.25,10157.8525390625,16.15764045715332,83.27751159667969,72.4655990600586,69.26641082763672,86.93888092041016,409.3886413574219,352.67730712890625,172.5758819580078,124.98999786376953,102.91000366210938,125.95999908447266,38.540000915527344,345.05999755859375,36.381717681884766,83.19999694824219,78.35040283203125,34.720603942871094,134.71405029296875,52.33000183105469,9.890000343322754,134.13400268554688,5.480000019073486,125.57250213623047,55.847965240478516,1.7684929370880127,301.8985290527344,52.66916275024414,37.25899887084961,9.783712387084961,15.8100004196167,56.84606170654297,6.25,7.650000095367432,18.0777587890625,42.63999938964844,51.8853874206543,51.197566986083984,36.473731994628906,31.271425247192383,69239.52876901627
2023-10-06,1613.708740234375,11725.4140625,2001.6009521484375,3975.84423828125,68.26000213623047,44284.05859375,3102.218505859375,9472.283203125,10806.5166015625,4347.25,10139.5830078125,16.594152450561523,82.95551300048828,72.40288543701172,69.29217529296875,88.01431274414062,414.249267578125,358.5865783691406,175.12149047851562,126.36000061035156,107.23999786376953,127.95999908447266,39.209999084472656,346.3399963378906,37.01118469238281,86.19999694824219,80.41557312011719,35.22339630126953,137.4282989501953,,10.010000228881836,134.13400268554688,5.457900047302246,,55.76767349243164,1.8033400774002075,312.4375915527344,54.08755874633789,38.1510009765625,10.00381088256836,16.610000610351562,57.13285827636719,6.420000076293945,7.989999771118164,19.1290225982666,43.83000183105469,52.55970764160156,51.15306091308594,36.8183479309082,31.53870391845703,72138.92924070358
2023-10-09,1696.4808349609375,11725.4140625,2004.942138671875,3959.347412109375,80.0,44284.05859375,3097.160400390625,9472.283203125,10547.1591796875,4324.75,10276.6044921875,16.594152450561523,83.81414794921875,72.61790466308594,69.63546752929688,88.32837677001953,416.9013671875,360.4154052734375,176.60147094726562,127.7699966430664,106.97000122070312,128.25999450683594,39.36000061035156,345.45001220703125,37.16627883911133,81.80000305175781,82.12199401855469,35.05580139160156,138.1911163330078,,10.180000305175781,133.8769989013672,5.46750020980835,125.11039733886719,55.94986343383789,1.7772046327590942,315.3397521972656,53.82966995239258,38.595001220703125,10.44400691986084,17.610000610351562,57.320762634277344,6.210000038146973,8.180000305175781,19.040597915649414,43.709999084472656,52.39567947387695,51.304386138916016,36.865562438964844,31.557796478271484,71765.56081056595
2023-10-10,1698.53271484375,11492.5693359375,2004.1070556640625,3984.150146484375,77.0,44230.3125,3099.390380859375,9360.01953125,10460.70703125,4315.25,10230.9306640625,17.149717330932617,83.73365020751953,72.57312774658203,69.7470474243164,89.07071685791016,419.0712890625,362.41131591796875,176.00946044921875,131.58999633789062,109.01000213623047,129.47999572753906,40.189998626708984,348.55999755859375,37.80487060546875,89.80000305175781,82.40316772460938,35.558589935302734,137.8939208984375,,10.180000305175781,134.69500732421875,5.472400188446045,125.14579772949219,56.51185989379883,1.8294754028320312,318.7867736816406,54.60335159301758,37.332000732421875,10.706704139709473,17.799999237060547,57.083412170410156,6.429999828338623,8.359999656677246,19.69886589050293,46.0,53.215782165527344,51.26877975463867,37.25739669799805,31.786903381347656,74005.31771230698
2023-10-11,1714.9505615234375,11966.5751953125,2004.942138671875,3911.22314453125,77.0,44033.52734375,2927.201416015625,9472.283203125,10374.2548828125,4229.0400390625,10219.9677734375,16.90500259399414,84.1182632446289,72.5551986694336,70.3134536743164,89.47994995117188,420.7879333496094,364.9972839355469,177.400634765625,130.0,108.30999755859375,131.8300018310547,39.900001525878906,348.42999267578125,37.8869743347168,75.5999984741211,82.2674331665039,35.78205108642578,140.37042236328125,,10.164999961853027,135.1300048828125,5.465099811553955,125.70999908447266,56.02397537231445,1.8381870985031128,324.71002197265625,54.69261169433594,36.59299850463867,10.699604988098145,17.920000076293945,57.4295539855957,6.369999885559082,8.59000015258789,20.15081024169922,46.689998626708984,53.571163177490234,51.2509765625,37.34709548950195,31.834623336791992,71491.93283045664
2023-10-12,1737.524658203125,11658.88671875,2014.19580078125,3888.590576171875,79.91999816894531,44267.8125,2909.983154296875,9472.283203125,10460.70703125,4215.25,10230.9306640625,16.686744689941406,83.39379119873047,72.4655990600586,69.57539367675781,88.79471588134766,418.2225646972656,363.72894287109375,178.29847717285156,125.97000122070312,108.79000091552734,132.3300018310547,38.47999954223633,345.6600036621094,37.8869743347168,71.5999984741211,81.78265380859375,35.38167953491211,138.97364807128906,54.20000076293945,10.164999961853027,134.22300720214844,5.4721999168396,124.66619873046875,55.18406295776367,1.8207637071609497,321.084716796875,54.17683792114258,36.119998931884766,10.664106369018555,17.940000534057617,55.73346710205078,6.130000114440918,8.390000343322754,20.31783103942871,45.45000076293945,52.960636138916016,51.197566986083984,36.7900276184082,31.634166717529297,70338.80055427551
2023-10-13,1768.307373046875,11858.46875,2065.84130859375,3901.164306640625,77.0,44033.52734375,2884.154296875,9588.0,10711.4189453125,4266.25,10322.2763671875,16.521394729614258,83.75154113769531,72.51038360595703,69.77278900146484,88.29032135009766,416.1394958496094,359.1568603515625,176.4633331298828,124.08000183105469,105.08999633789062,129.7899932861328,37.77000045776367,345.0899963378906,37.795745849609375,68.80000305175781,81.78265380859375,35.2513313293457,137.27972412109375,,10.003000259399414,134.56399536132812,5.462500095367432,125.4126968383789,55.656517028808594,1.7859164476394653,311.70458984375,52.193058013916016,35.56800079345703,10.962303161621094,17.360000610351562,55.1351432800293,6.070000171661377,8.119999885559082,18.647605895996094,43.16999816894531,52.477684020996094,51.224273681640625,36.65311813354492,31.70098304748535,70484.40026521683
2023-10-16,1768.307373046875,11858.46875,2065.84130859375,3901.164306640625,77.0,44033.52734375,2884.154296875,9588.0,10711.4189453125,4235.25,,16.508169174194336,83.28646850585938,72.4655990600586,69.69554138183594,89.0992660522461,420.51788330078125,363.21759033203125,176.33505249023438,125.19000244140625,106.45999908447266,132.5500030517578,38.529998779296875,346.2300109863281,37.35785675048828,67.5999984741211,83.10126495361328,35.51203918457031,139.1718292236328,,10.232000350952148,134.1929931640625,5.477200031280518,125.46890258789062,56.125877380371094,1.8381870985031128,318.103271484375,53.22461700439453,36.082000732421875,11.210801124572754,17.360000610351562,56.3713493347168,6.28000020980835,8.25,19.46306610107422,44.7599983215332,52.960636138916016,51.179752349853516,37.01190948486328,32.03507995605469,69916.22349500656
2023-10-17,1782.6729736328125,12058.05078125,2091.6650390625,4052.885009765625,77.0,43452.12109375,2927.201416015625,9588.0,10754.6455078125,4239.25,10353.3369140625,16.719816207885742,82.68722534179688,72.30433654785156,69.36083221435547,89.13734436035156,420.4986267089844,362.02789306640625,174.78599548339844,125.70999908447266,105.13999938964844,131.47000122070312,39.18000030517578,345.3900146484375,37.58592224121094,72.80000305175781,83.57634735107422,35.41893005371094,139.66714477539062,,10.180000305175781,132.72799682617188,5.4552001953125,124.8469009399414,56.419227600097656,1.8468987941741943,320.92626953125,52.73859405517578,35.571998596191406,11.473498344421387,17.84000015258789,56.52958679199219,6.559999942779541,8.25,18.961997985839844,45.900001525878906,52.90596389770508,51.081825256347656,37.37541961669922,32.18781280517578,70879.48085927963
2023-10-18,1809.3514404296875,12141.2099609375,2151.91845703125,4107.37109375,76.37000274658203,43700.078125,2975.41455078125,9583.2470703125,10477.998046875,4196.72998046875,10431.896484375,16.82563591003418,82.3026351928711,72.30433654785156,68.91459655761719,87.8620376586914,414.8953857421875,357.27886962890625,173.49346923828125,122.16999816894531,102.16999816894531,128.1300048828125,37.43000030517578,340.8900146484375,36.919960021972656,64.80000305175781,82.10260772705078,34.87888717651367,137.97315979003906,53.79999923706055,10.050000190734863,131.5469970703125,5.4390997886657715,124.25,56.66934585571289,1.7772046327590942,313.9629821777344,51.052391052246094,34.61899948120117,11.729095458984375,17.200000762939453,55.18458938598633,6.210000038146973,7.769999980926514,17.959863662719727,44.58000183105469,51.930946350097656,51.09074401855469,36.40763473510742,31.634166717529297,70612.65066409204
2023-10-19,1791.5657958984375,12074.6826171875,2161.38671875,3967.38525390625,77.0,43828.33984375,3047.733642578125,9588.0,10806.5166015625,4248.25,10485.7890625,16.8057918548584,81.98957061767578,72.40288543701172,68.4082260131836,87.0721206665039,411.24993896484375,353.9358215332031,173.1185760498047,119.97000122070312,102.4000015258789,128.39999389648438,36.61000061035156,338.6600036621094,36.54592514038086,62.20000076293945,80.71612548828125,34.67404556274414,137.67599487304688,,10.050000190734863,132.14999389648438,5.432700157165527,124.44999694824219,56.379085540771484,1.7423574924468994,309.8423767089844,50.278717041015625,40.176998138427734,11.615495681762695,17.059999465942383,54.20550537109375,6.079999923706055,7.630000114440918,17.124752044677734,44.16999816894531,51.50267791748047,51.17084884643555,35.98275375366211,31.214160919189453,71395.20524740219
2023-10-20,1761.4666748046875,12473.8447265625,2212.17236328125,3998.399658203125,77.0,43691.53125,2944.420654296875,9588.0,10633.611328125,4257.75,10441.029296875,16.8057918548584,82.28472900390625,72.51937866210938,68.78583526611328,86.03475189208984,406.1965026855469,348.6558532714844,170.572998046875,116.48999786376953,101.80999755859375,125.16999816894531,36.029998779296875,335.8599853515625,36.199256896972656,59.400001525878906,80.1343994140625,34.25505447387695,135.4569854736328,,9.975000381469727,131.31500244140625,5.483799934387207,,56.29261779785156,1.7249339818954468,305.721923828125,49.06862258911133,40.09600067138672,11.508996963500977,16.110000610351562,52.80116653442383,5.840000152587891,7.369999885559082,16.34858512878418,43.97999954223633,51.0106086730957,51.2420768737793,35.548431396484375,30.73687744140625,71554.86027002335
2023-10-23,1727.263671875,12224.3681640625,2160.526123046875,4023.548095703125,76.47000122070312,43360.29296875,2928.06298828125,9646.404296875,10477.998046875,4234.25,10268.3828125,16.686744689941406,82.6067123413086,72.56415557861328,69.18062591552734,85.96813201904297,405.4924621582031,349.7079162597656,170.69139099121094,120.38999938964844,100.01000213623047,126.55999755859375,36.11000061035156,336.8399963378906,35.47854995727539,56.0,80.5707015991211,34.227115631103516,136.6061248779297,,9.928000450134277,132.36000061035156,5.457900047302246,124.54229736328125,56.0208854675293,1.7162221670150757,311.0310363769531,48.62226486206055,40.683998107910156,10.89840316772461,16.200000762939453,52.86050796508789,5.840000152587891,7.260000228881836,16.10295867919922,43.900001525878906,51.119956970214844,51.25988006591797,35.15187454223633,30.54596519470215,70655.8487033844
2023-10-24,1723.8433837890625,12224.3681640625,2170.85546875,4023.548095703125,77.0,43691.53125,2926.341064453125,9588.0,10547.1591796875,4211.7998046875,10230.9306640625,16.67351722717285,82.90188598632812,72.54622650146484,69.7298583984375,86.59626770019531,408.5496520996094,353.1099853515625,171.12550354003906,122.01000213623047,101.66999816894531,128.55999755859375,37.16999816894531,338.6300048828125,35.515045166015625,55.400001525878906,80.04713439941406,34.664737701416016,138.8052978515625,,9.930000305175781,132.22000122070312,5.45989990234375,124.3499984741211,56.5303955078125,1.6900869607925415,309.58489990234375,49.08845520019531,41.37300109863281,11.04040241241455,16.639999389648438,53.64179611206055,5.880000114440918,7.380000114440918,16.741579055786133,45.349998474121094,51.31131362915039,51.2509765625,35.56731033325195,30.755971908569336,70225.51660086028
2023-10-25,1738.892822265625,12290.8955078125,2134.702880859375,4023.548095703125,77.0,43329.92578125,2909.983154296875,9629.3271484375,10460.70703125,4213.759765625,10221.796875,16.62721824645996,82.28472900390625,72.4655990600586,69.20635986328125,85.4922866821289,402.6860656738281,344.46728515625,168.8167724609375,118.5,96.05999755859375,121.38999938964844,35.220001220703125,336.8999938964844,35.223114013671875,52.20000076293945,78.13710021972656,34.20850372314453,125.48149108886719,,9.77299976348877,131.2740020751953,5.44980001449585,124.44219970703125,56.768165588378906,1.7423574924468994,296.6884460449219,47.16419982910156,41.125,11.075901985168457,15.59000015258789,50.922122955322266,5.610000133514404,7.079999923706055,14.707832336425781,41.720001220703125,50.85569763183594,51.197566986083984,35.15187454223633,30.641420364379883,70063.10326119885
2023-10-26,1693.060302734375,11492.5693359375,2065.84130859375,4023.548095703125,77.0,43435.01953125,2900.512451171875,9629.3271484375,10486.642578125,4185.25,10093.9091796875,16.885160446166992,82.8392562866211,72.60894775390625,69.4809799194336,84.61670684814453,397.86407470703125,337.89923095703125,164.6629180908203,115.47000122070312,93.66999816894531,119.56999969482422,34.7599983215332,336.1600036621094,35.88908004760742,49.79999923706055,77.35176086425781,34.04090118408203,122.28179168701172,,9.6850004196167,132.53700256347656,5.5,124.6323013305664,56.35747146606445,1.7075103521347046,285.614501953125,46.25166702270508,40.354000091552734,10.976503372192383,15.289999961853027,51.17925262451172,5.21999979019165,6.900000095367432,14.472034454345703,41.68000030517578,50.63700866699219,51.304386138916016,35.39735794067383,30.574596405029297,70668.6177573204
2023-10-27,1689.64013671875,11974.890625,2069.28466796875,4021.871337890625,78.69999694824219,43352.3671875,2889.320556640625,9629.3271484375,10460.70703125,4137.0,10093.9091796875,16.871932983398438,82.81244659423828,72.65375518798828,69.51531219482422,84.31214904785156,396.0606384277344,339.52154541015625,165.97515869140625,114.08999633789062,96.43000030517578,127.73999786376953,34.099998474121094,331.7099914550781,34.88557434082031,49.79999923706055,76.91545104980469,34.01296615600586,122.2421646118164,51.349998474121094,9.479999542236328,132.66600036621094,5.4670000076293945,125.0,55.60401153564453,1.6465277671813965,293.91497802734375,46.87655258178711,39.7869987487793,10.884204864501953,15.069999694824219,49.83425521850586,5.28000020980835,6.869999885559082,14.835554122924805,40.02000045776367,50.281620025634766,51.33110809326172,35.38319396972656,30.02095603942871,69799.18675231934
2023-10-30,1638.3350830078125,11983.20703125,2062.398681640625,3969.061279296875,78.69999694824219,43435.01953125,2927.201416015625,9588.0,10503.9345703125,4082.3291015625,10112.177734375,17.19601058959961,82.61566925048828,72.62689208984375,69.69554138183594,85.29241943359375,400.7958068847656,343.3463134765625,168.0175323486328,116.94999694824219,96.18000030517578,132.7100067138672,34.290000915527344,337.4100036621094,35.515045166015625,49.20000076293945,78.22435760498047,34.36678695678711,124.57010650634766,51.380001068115234,9.585000038146973,131.44000244140625,5.4721999168396,124.79239654541016,56.37290573120117,1.6900869607925415,299.78875732421875,46.45004653930664,41.007999420166016,10.728005409240723,14.6899995803833,50.486976623535156,5.289999961853027,6.940000057220459,14.275537490844727,39.220001220703125,51.06529235839844,51.304386138916016,35.746707916259766,30.55550765991211,70199.77446069941
2023-10-31,1657.4888916015625,12058.05078125,2090.2958984375,3969.899658203125,72.25,43204.17578125,2863.492431640625,9483.193359375,10382.90234375,4060.0,9925.830078125,16.785953521728516,82.56199645996094,72.60000610351562,69.6783676147461,85.67310333251953,403.3128967285156,344.9883728027344,168.4911651611328,118.29000091552734,98.5,133.08999633789062,35.08000183105469,341.3299865722656,36.02592086791992,50.79999923706055,79.1066665649414,34.171260833740234,124.12434387207031,51.665000915527344,9.694999694824219,132.8159942626953,5.460000038146973,124.90249633789062,56.6755256652832,1.6639513969421387,298.411865234375,46.83687210083008,41.16899871826172,10.649907112121582,14.800000190734863,51.228702545166016,5.21999979019165,7.550000190734863,14.639055252075195,40.25,51.15640640258789,51.29549026489258,35.9072151184082,30.889604568481445,68150.97129821777
2023-11-01,1696.4808349609375,11974.890625,2048.62646484375,4015.165283203125,78.69999694824219,43537.625,2901.37353515625,9588.0,10521.2255859375,4112.75,9956.88671875,16.96452522277832,83.47434997558594,72.76173400878906,70.59386444091797,86.52965545654297,407.61419677734375,350.97625732421875,171.64845275878906,119.47000122070312,108.04000091552734,137.0,35.310001373291016,343.75,36.12628173828125,50.20000076293945,78.60248565673828,34.48782730102539,126.37303924560547,,9.706999778747559,132.70599365234375,5.469200134277344,,56.715667724609375,1.6813751459121704,308.89154052734375,47.31298828125,42.01900100708008,10.884204864501953,14.920000076293945,51.090248107910156,5.090000152587891,7.579999923706055,15.670668601989746,40.959999084472656,51.50267791748047,51.40712356567383,35.92609786987305,31.090065002441406,69770.85110998154
2023-11-02,1696.4808349609375,12182.7880859375,2085.639404296875,3910.38427734375,78.69999694824219,43503.421875,2884.154296875,9588.0,10322.384765625,4100.75,9956.88671875,17.566387176513672,83.97669219970703,72.77069854736328,71.30076599121094,88.24272155761719,415.4258728027344,357.34765625,175.200439453125,115.5,107.83000183105469,138.07000732421875,38.279998779296875,349.0199890136719,37.72277069091797,57.79999923706055,80.75492095947266,35.09304428100586,127.37356567382812,,9.812000274658203,134.38099670410156,5.501200199127197,,57.499996185302734,1.75106942653656,307.9208984375,48.50325012207031,42.47100067138672,11.13270092010498,17.969999313354492,54.45275115966797,5.679999828338623,8.170000076293945,16.78087615966797,43.97999954223633,52.63258743286133,51.398193359375,36.62007522583008,31.8250789642334,72035.36221408844
2023-11-03,1682.7991943359375,12182.7880859375,2027.10693359375,3895.296630859375,78.69999694824219,43503.421875,2884.154296875,9092.0693359375,10374.2548828125,4046.919921875,10021.7451171875,17.936763763427734,84.48807525634766,72.96837615966797,71.99903106689453,89.26106262207031,419.21588134765625,361.5460510253906,174.29266357421875,122.63999938964844,112.25,138.60000610351562,40.439998626708984,351.80999755859375,39.05350875854492,61.599998474121094,82.48074340820312,35.80998229980469,129.14674377441406,,9.812000274658203,136.35000610351562,5.528800010681152,126.94999694824219,57.65440368652344,1.7946281433105469,311.6154479980469,50.94328308105469,43.236000061035156,11.13270092010498,18.889999389648438,55.48127746582031,6.090000152587891,8.010000228881836,18.058109283447266,48.68000030517578,53.069984436035156,51.54109191894531,37.19602584838867,32.245086669921875,72588.6466081813
2023-11-06,1682.7991943359375,12182.7880859375,2027.10693359375,3895.296630859375,78.69999694824219,43503.421875,2884.154296875,9092.0693359375,10374.2548828125,3942.89697265625,,17.837553024291992,84.06642150878906,72.8336410522461,71.40422821044922,89.33719635009766,420.1803283691406,363.0209045410156,176.83824157714844,118.16999816894531,111.75,139.74000549316406,39.77000045776367,346.6300048828125,38.85020065307617,56.400001525878906,81.46269226074219,36.09862518310547,130.2165985107422,,10.006999969482422,134.35299682617188,5.4953999519348145,126.22309875488281,57.719242095947266,1.7859164476394653,312.80401611328125,50.824256896972656,43.4739990234375,11.153999328613281,18.540000915527344,54.01760482788086,5.880000114440918,7.489999771118164,17.930389404296875,49.52000045776367,52.896854400634766,51.45177459716797,37.01190948486328,32.14962387084961,70331.63381907623
2023-11-07,1600.71142578125,12473.8447265625,2054.6513671875,3859.25244140625,78.69999694824219,43503.421875,2841.10791015625,9191.255859375,10287.802734375,3977.25,10021.7451171875,17.69205093383789,84.51496124267578,72.88752746582031,71.64559936523438,89.28960418701172,421.37615966796875,366.4524230957031,179.39369201660156,121.08000183105469,113.44999694824219,142.7100067138672,40.90999984741211,346.1700134277344,38.77626037597656,56.599998474121094,82.01535034179688,36.03345489501953,131.15769958496094,,9.9399995803833,135.6300048828125,5.499100208282471,126.39320373535156,57.6883544921875,1.7684929370880127,315.79541015625,50.764747619628906,43.46099853515625,10.955202102661133,18.799999237060547,54.02749252319336,5.960000038146973,7.420000076293945,18.274259567260742,51.04999923706055,52.65993881225586,51.50536346435547,36.294334411621094,32.10190200805664,70365.70957660675
2023-11-08,1597.2913818359375,12557.0048828125,2048.62646484375,4023.548095703125,78.5,43681.1328125,2974.5537109375,9174.7236328125,10287.802734375,4010.580078125,10021.7451171875,17.4605655670166,84.80204010009766,72.86956787109375,71.78350830078125,89.27057647705078,421.6847839355469,366.6883850097656,180.44943237304688,117.66000366210938,113.58999633789062,142.0800018310547,40.34000015258789,346.29998779296875,38.646888732910156,54.79999923706055,81.92809295654297,35.79136276245117,132.00965881347656,,9.892000198364258,135.6510009765625,5.499499797821045,126.9822998046875,57.515438079833984,1.7597811222076416,316.746337890625,51.1614990234375,43.665000915527344,10.621504783630371,18.489999771118164,54.4725341796875,5.75,7.309999942779541,18.343029022216797,52.27000045776367,52.91508102416992,51.469635009765625,36.40763473510742,32.140079498291016,70026.99641587213
2023-11-09,1607.5523681640625,12789.849609375,2074.449462890625,4145.091796875,78.5,43681.1328125,3047.733642578125,9092.0693359375,10322.384765625,4088.5,10048.234375,17.632526397705078,84.09333801269531,72.76173400878906,71.0507583618164,88.73760986328125,418.39617919921875,363.86651611328125,179.97579956054688,115.5199966430664,113.48999786376953,140.60000610351562,39.09000015258789,348.17999267578125,38.351173400878906,53.79999923706055,87.59033203125,35.45616912841797,130.45437622070312,,9.85200023651123,135.25,5.485899925231934,,57.222084045410156,1.7684929370880127,317.5089416503906,52.06412124633789,43.51499938964844,10.79190444946289,18.270000457763672,53.68135452270508,5.460000038146973,6.849999904632568,18.067935943603516,51.04999923706055,52.90596389770508,51.40712356567383,36.096046447753906,32.00644302368164,72090.58417701721
2023-11-10,1607.5523681640625,12423.94921875,2108.8798828125,4224.724609375,78.5,42496.37890625,3142.437255859375,9092.0693359375,10460.70703125,4052.25,10048.234375,17.936763763427734,84.29068756103516,72.77970123291016,71.36111450195312,89.75594329833984,424.9251708984375,372.0470275878906,184.1548614501953,118.1500015258789,118.58999633789062,143.55999755859375,39.72999954223633,350.55999755859375,38.88716506958008,54.20000076293945,85.58333587646484,35.70756530761719,132.80215454101562,54.53499984741211,9.71399974822998,135.18800354003906,5.493899822235107,126.13600158691406,57.42588806152344,1.7684929370880127,325.6509704589844,54.17683792114258,44.7239990234375,10.813202857971191,19.670000076293945,54.16594696044922,5.46999979019165,6.940000057220459,20.239233016967773,51.5,53.15199661254883,51.40712356567383,36.52093505859375,32.369178771972656,72684.25096035004
2023-11-13,1607.5523681640625,12423.94921875,2108.8798828125,4224.724609375,78.5,42496.37890625,3142.437255859375,9092.0693359375,10460.70703125,3981.98876953125,,17.824329376220703,84.2817153930664,72.806640625,70.9817886352539,89.77497863769531,424.52008056640625,370.8868713378906,182.57411193847656,119.1500015258789,116.79000091552734,142.58999633789062,39.90999984741211,350.010009765625,39.46012496948242,55.0,86.71772766113281,35.6982536315918,132.38612365722656,,9.82800006866455,134.73199462890625,5.534800052642822,125.60279846191406,57.67292022705078,1.7684929370880127,326.06707763671875,53.016326904296875,44.46200180053711,11.019103050231934,19.709999084472656,53.79013442993164,5.53000020980835,7.039999961853027,19.669389724731445,52.02000045776367,53.2886848449707,51.433921813964844,36.46900177001953,32.32144546508789,70976.27940053679
2023-11-14,1621.233642578125,12673.4267578125,2108.8798828125,4149.28271484375,78.5,42925.640625,3129.522705078125,9092.0693359375,10547.1591796875,4023.25,10103.0439453125,18.373275756835938,85.34030151367188,73.09416961669922,72.21453094482422,91.73551177978516,432.7561950683594,378.87066650390625,185.18234252929688,126.68000030517578,119.87999725341797,145.8000030517578,41.95000076293945,354.25,40.994171142578125,64.5999984741211,88.29811096191406,36.647972106933594,134.1593017578125,,9.914999961853027,136.3040008544922,5.548500061035156,127.13359832763672,57.97244644165039,1.8294754028320312,333.1194763183594,56.56727981567383,44.8650016784668,11.2391996383667,19.940000534057617,56.05488204956055,6.0,7.480000019073486,21.752260208129883,55.099998474121094,54.86510467529297,51.630409240722656,37.54537582397461,32.932369232177734,73920.28168869019
2023-11-15,1638.3350830078125,12557.0048828125,2048.62646484375,4124.13623046875,78.5,42925.640625,3133.82763671875,9092.0693359375,10460.70703125,3960.25,10139.5830078125,18.260841369628906,84.81100463867188,72.95938110351562,71.76628112792969,91.92584228515625,433.67230224609375,379.1558532714844,185.74546813964844,128.35000610351562,118.0,143.1999969482422,43.0099983215332,356.7900085449219,41.47471237182617,66.4000015258789,91.0710678100586,36.955230712890625,135.10035705566406,,9.960000038146973,135.8419952392578,5.529200077056885,126.7134017944336,57.99406433105469,1.8381870985031128,329.55364990234375,56.706146240234375,46.194000244140625,11.20370101928711,19.950000762939453,57.60756301879883,6.260000228881836,7.369999885559082,22.233678817749023,56.29999923706055,54.855995178222656,51.54109191894531,37.710609436035156,33.11373519897461,72317.49703407288
2023-11-16,1638.3350830078125,12606.900390625,2104.576416015625,4166.04736328125,78.5,42238.828125,3168.265625,9092.0693359375,10616.3212890625,4029.0,10095.7353515625,18.0095157623291,85.27747344970703,73.085205078125,72.36112213134766,91.8592300415039,434.2027587890625,379.4803161621094,187.42498779296875,126.27999877929688,119.83000183105469,142.8300018310547,42.209999084472656,359.8599853515625,41.280635833740234,62.599998474121094,91.63341522216797,36.601417541503906,137.3986053466797,,9.977999687194824,136.67999267578125,5.5279998779296875,127.293701171875,58.00641632080078,1.8207637071609497,331.0196533203125,54.21650695800781,46.69499969482422,11.04040241241455,19.770000457763672,56.19334030151367,5.880000114440918,6.710000038146973,22.32210350036621,56.279998779296875,54.7375373840332,51.63932800292969,37.82390594482422,33.247379302978516,72560.33900642395
2023-11-17,1696.4808349609375,13189.0126953125,2121.791259765625,4178.62158203125,78.5,42238.828125,3142.437255859375,9092.0693359375,10720.064453125,4085.699951171875,10249.2001953125,18.11533546447754,85.44795989990234,73.03128051757812,72.5938720703125,92.26846313476562,434.7427978515625,379.5688171386719,187.4052276611328,127.1500015258789,120.62000274658203,145.17999267578125,43.70000076293945,358.92999267578125,41.91829299926758,40.400001525878906,91.28437042236328,36.647972106933594,135.6551055908203,,9.925000190734863,136.6820068359375,5.528800010681152,127.10359954833984,57.92612075805664,1.8643226623535156,331.86151123046875,55.12904739379883,46.590999603271484,11.388298034667969,20.489999771118164,55.91642761230469,6.059999942779541,6.829999923706055,22.724924087524414,58.189998626708984,55.493858337402344,51.603599548339844,37.89471435546875,33.419193267822266,74013.82522267802
2023-11-20,1710.161865234375,13189.0126953125,2117.487548828125,4400.75439453125,78.5,42067.1328125,3280.1875,9092.0693359375,10495.2890625,4021.15478515625,10285.73828125,18.16163444519043,85.5824966430664,73.0402603149414,73.05075073242188,92.91563415527344,438.0892639160156,384.1900329589844,189.14404296875,129.6999969482422,121.52999877929688,146.1300048828125,44.880001068115234,361.3299865722656,41.82587814331055,42.400001525878906,92.13758087158203,37.104209899902344,136.62591552734375,,9.949999809265137,136.552001953125,5.55079984664917,127.00350189208984,57.90142059326172,1.8643226623535156,336.7447814941406,55.92255783081055,47.446998596191406,11.43089771270752,21.34000015258789,56.36146545410156,6.039999961853027,6.614999771118164,23.75653839111328,59.27000045776367,55.74900436401367,51.59468460083008,37.960811614990234,33.552833557128906,73030.74325553607
2023-11-21,1740.94482421875,12972.7998046875,2108.8798828125,4434.2841796875,78.5,40727.85546875,3314.625244140625,9092.0693359375,10374.2548828125,4046.679931640625,10267.4697265625,17.824329376220703,85.67222595214844,73.085205078125,73.05075073242188,92.66818237304688,437.134521484375,381.9581298828125,188.34378051757812,126.81999969482422,119.16000366210938,143.89999389648438,43.869998931884766,361.0,41.66878128051758,39.400001525878906,91.57524108886719,36.871437072753906,137.31935119628906,56.38180160522461,10.055999755859375,137.60899353027344,5.572199821472168,126.91719818115234,58.06816864013672,1.8468987941741943,333.78314208984375,54.236351013183594,47.494998931884766,11.253400802612305,19.799999237060547,54.78900146484375,5.710000038146973,6.71999979019165,22.440004348754883,58.66999816894531,55.51207733154297,51.63932800292969,38.1071662902832,33.53373718261719,72129.35598170478
2023-11-22,1720.4229736328125,12889.640625,2108.8798828125,4392.3720703125,78.5,41723.73828125,3357.67236328125,9092.0693359375,10374.2548828125,4071.280029296875,10296.701171875,18.45264434814453,85.75293731689453,73.09416961669922,73.41281127929688,92.9251480102539,438.8221740722656,383.52142333984375,189.00572204589844,129.0399932861328,122.51000213623047,146.7100067138672,44.31999969482422,361.79998779296875,41.60409164428711,39.400001525878906,92.17637634277344,36.79695510864258,138.7062225341797,56.5,10.098999977111816,137.0189971923828,5.570000171661377,126.75779724121094,58.56532669067383,1.8207637071609497,338.2503356933594,55.04969024658203,47.79999923706055,11.251928329467773,19.690000534057617,55.71863555908203,5.639999866485596,6.900000095367432,22.59720230102539,59.02000045776367,55.603206634521484,51.63932800292969,38.130760192871094,33.66737747192383,75125.88242231868
2023-11-23,1710.161865234375,12673.4267578125,2121.791259765625,4476.1962890625,78.5,41706.55078125,3366.281982421875,9092.0693359375,10374.2548828125,4066.06005859375,,,,,,,,,,,,,,,,,,,,,,,,,,,,,,,,,,,,,,,,,
2023-11-24,1761.4666748046875,12673.4267578125,2151.91845703125,4492.9599609375,78.5,41706.55078125,3400.719482421875,9224.3173828125,10547.1591796875,4064.760009765625,10340.546875,18.2674560546875,85.35823059082031,73.0402603149414,73.26626586914062,93.15355682373047,439.09222412109375,382.9806213378906,187.68185424804688,128.3699951171875,122.30999755859375,146.74000549316406,44.880001068115234,362.67999267578125,41.798152923583984,40.79999923706055,93.13623046875,36.815574645996094,136.92311096191406,,10.175999641418457,136.98500061035156,5.570000171661377,127.29100036621094,58.71971893310547,1.8556108474731445,335.02130126953125,55.57538604736328,47.95600128173828,11.273992538452148,19.200000762939453,55.14502716064453,5.730000019073486,6.860000133514404,22.685626983642578,59.650001525878906,56.19549560546875,51.6125373840332,38.295997619628906,33.77238082885742,74252.82485124469
2023-11-27,1723.8433837890625,12573.634765625,2147.61474609375,4518.1083984375,78.5,41277.3046875,3383.50048828125,9257.37890625,10460.70703125,4008.7666015625,10276.1455078125,18.69074249267578,85.84266662597656,73.130126953125,73.58522033691406,92.9061279296875,438.3014831542969,382.6463928222656,187.50401306152344,129.0,122.6500015258789,147.72999572753906,45.45000076293945,361.3399963378906,41.65953826904297,39.79999923706055,92.27333068847656,36.66659927368164,136.75469970703125,56.349998474121094,10.050000190734863,136.72799682617188,5.554200172424316,,58.48812484741211,1.8207637071609497,331.5247802734375,55.446449279785156,47.91699981689453,11.207803726196289,19.079999923706055,55.7680778503418,5.519999980926514,7.03000020980835,22.567726135253906,60.310001373291016,56.022369384765625,51.675048828125,38.24878692626953,33.657833099365234,74926.8242630437
2023-11-28,1737.524658203125,12640.162109375,2104.576416015625,4693.77587890625,78.5,41380.31640625,3459.53125,9443.4912109375,10495.2890625,4008.75,10368.865234375,18.624603271484375,86.21946716308594,73.264892578125,73.96453094482422,93.05838775634766,438.7353820800781,383.6492004394531,188.10667419433594,127.55999755859375,122.01000213623047,147.02999877929688,46.70000076293945,360.04998779296875,41.45622634887695,38.599998474121094,89.68460083007812,36.97385787963867,137.31935119628906,56.42639923095703,10.079999923706055,137.63900756835938,5.594200134277344,127.5238037109375,58.65487289428711,1.8643226623535156,335.7740173339844,55.12904739379883,47.900001525878906,11.391658782958984,19.709999084472656,57.82514572143555,5.730000019073486,7.340000152587891,22.145261764526367,63.34000015258789,56.022369384765625,51.77330017089844,38.32432174682617,33.64828872680664,74661.37836456299
2023-11-29,1734.1041259765625,12606.900390625,2117.487548828125,4753.29931640625,78.5,41895.43359375,3463.921875,8978.2099609375,10633.611328125,3953.429931640625,10346.029296875,18.472484588623047,86.64106750488281,73.40866088867188,74.55072784423828,93.04887390136719,438.4267883300781,383.275634765625,187.08908081054688,126.4800033569336,123.8499984741211,146.32000732421875,46.900001525878906,358.69000244140625,42.2786979675293,39.20000076293945,89.68460083007812,36.759708404541016,135.12017822265625,,10.041999816894531,139.34500122070312,5.569699764251709,128.55430603027344,58.117584228515625,1.9165934324264526,329.04852294921875,55.64482498168945,47.71900177001953,11.193095207214355,19.84000015258789,57.330657958984375,6.309999942779541,7.349999904632568,22.8133487701416,63.72999954223633,56.27751922607422,51.86261749267578,38.52259826660156,33.886932373046875,73029.67348443251
2023-11-30,1723.8433837890625,12606.900390625,2065.84130859375,4710.78271484375,78.5,42067.1328125,3503.434326171875,9219.466796875,10685.4833984375,3988.85009765625,10430.0673828125,18.24761390686035,86.35401153564453,73.36372375488281,74.0248794555664,93.28678894042969,440.153076171875,382.3120422363281,187.662109375,126.33999633789062,121.16000366210938,146.08999633789062,46.11000061035156,360.0,42.602134704589844,37.20000076293945,89.86881256103516,36.83419418334961,132.66346740722656,,10.100000381469727,138.2790069580078,5.593400001525879,127.94999694824219,58.80618667602539,1.907881736755371,324.0464172363281,55.27782440185547,47.39699935913086,11.229867935180664,20.049999237060547,56.97462844848633,6.340000152587891,7.289999961853027,22.4105281829834,63.43000030517578,56.149940490722656,51.835811614990234,38.904991149902344,34.268760681152344,72786.99651437346
2023-12-01,1740.94482421875,12656.7958984375,2100.2724609375,4634.25341796875,78.5,42925.640625,3512.214599609375,9288.3974609375,10702.7734375,4014.580078125,10430.0673828125,18.697355270385742,87.11332702636719,73.57733154296875,75.16029357910156,93.98155212402344,442.75701904296875,383.40350341796875,188.93653869628906,135.02000427246094,121.38999938964844,147.02999877929688,48.43000030517578,357.07000732421875,43.64640426635742,40.400001525878906,89.76216125488281,36.99247741699219,132.069091796875,56.5,10.204999923706055,139.0,5.5980000495910645,128.3939971923828,59.04085922241211,1.960152268409729,321.7385559082031,52.37159729003906,46.57400131225586,11.185741424560547,20.270000457763672,58.992130279541016,6.829999923706055,7.829999923706055,22.66597557067871,65.04000091552734,56.68757247924805,51.98455047607422,39.348758697509766,34.526485443115234,75062.02998211607
2023-12-04,1740.94482421875,12640.162109375,2113.18359375,4685.27294921875,78.5,42084.30078125,3424.4091796875,9202.234375,10910.259765625,3973.131591796875,10532.8369140625,18.505552291870117,86.78043365478516,73.46916198730469,74.64105224609375,93.4010009765625,440.4327697753906,379.8441162109375,187.14837646484375,133.6999969482422,118.56999969482422,144.83999633789062,48.689998626708984,356.6600036621094,43.77578353881836,41.79999923706055,89.20951080322266,36.573482513427734,129.40432739257812,56.33380126953125,10.277999877929688,138.32400512695312,5.615699768066406,,59.01306915283203,1.960152268409729,316.9840393066406,51.58800506591797,45.38999938964844,10.854803085327148,18.399999618530273,59.18991470336914,6.920000076293945,7.960000038146973,21.91928482055664,65.0,56.37774658203125,51.912872314453125,38.89082717895508,34.488311767578125,73524.99443447823
2023-12-05,1720.4229736328125,12723.3232421875,2130.3994140625,4736.2919921875,78.5,42015.6171875,3507.824462890625,9047.140625,10806.5166015625,4018.75,10578.05078125,18.472484588623047,87.35620880126953,73.55929565429688,75.0737533569336,93.22017669677734,440.345947265625,380.7978515625,191.09030151367188,133.7100067138672,118.37999725341797,146.8800048828125,48.2599983215332,355.0299987792969,43.1566162109375,39.79999923706055,88.02664947509766,36.35002899169922,131.14781188964844,56.349998474121094,10.229999542236328,139.78599548339844,5.650000095367432,128.82550048828125,58.497398376464844,1.9514408111572266,315.27044677734375,50.28865051269531,45.51499938964844,10.773906707763672,18.299999237060547,57.28120422363281,6.800000190734863,7.989999771118164,21.545942306518555,64.88999938964844,56.32307815551758,51.966644287109375,38.357364654541016,34.31648254394531,74236.29744052887
2023-12-06,1679.3790283203125,12723.3232421875,2104.576416015625,4702.279296875,78.5,41740.89453125,3437.580322265625,9047.140625,10460.70703125,4010.5,10377.0869140625,18.43941879272461,87.58113098144531,73.5412826538086,75.48912811279297,93.03935241699219,438.5715026855469,378.59539794921875,190.00355529785156,135.30999755859375,116.81999969482422,144.52000427246094,48.040000915527344,352.3800048828125,44.22860336303711,41.0,88.71502685546875,36.30347442626953,130.19679260253906,,10.279999732971191,140.77999877929688,5.605000019073486,129.04449462890625,58.43254089355469,1.9688640832901,314.43841552734375,50.02082443237305,44.67300033569336,10.60476016998291,17.1299991607666,58.873451232910156,6.929999828338623,7.889999866485596,21.093997955322266,68.0,56.332191467285156,51.966644287109375,38.27711486816406,34.1446647644043,73951.28906822205
2023-12-07,1686.2197265625,13139.1181640625,2104.576416015625,4778.80810546875,78.5,42668.08984375,3534.166259765625,8840.3486328125,10460.70703125,4000.10009765625,10377.0869140625,18.40634536743164,87.60811614990234,73.59534454345703,75.41124725341797,93.6389389038086,441.91796875,383.88519287109375,191.93008422851562,139.83999633789062,128.3699951171875,146.8800048828125,48.290000915527344,352.70001220703125,44.820037841796875,45.0,89.53915405273438,36.480377197265625,137.1509246826172,,10.225000381469727,140.32200622558594,5.6128997802734375,129.67630004882812,58.66413879394531,1.9862874746322632,323.4916687011719,51.76654052734375,45.20000076293945,10.59005069732666,17.219999313354492,57.83502960205078,6.940000057220459,7.960000038146973,22.7740478515625,68.47000122070312,56.532657623291016,52.011436462402344,38.536766052246094,34.306941986083984,73627.22390175797
2023-12-08,1686.2197265625,13139.1181640625,2104.576416015625,4778.80810546875,78.5,42668.08984375,3534.166259765625,8840.3486328125,10460.70703125,3997.72998046875,,18.5981502532959,87.16728210449219,73.43312072753906,75.15162658691406,93.94347381591797,443.8178405761719,385.5960693359375,193.35275268554688,140.67999267578125,128.9199981689453,147.4199981689453,49.18000030517578,353.0799865722656,45.18044662475586,47.0,90.28815460205078,36.32209014892578,135.35794067382812,,10.255000114440918,139.2100067138672,5.6143999099731445,127.90180206298828,58.423282623291016,2.012423038482666,329.59326171875,52.450958251953125,45.375999450683594,10.94305419921875,17.770000457763672,58.289955139160156,6.96999979019165,8.130000114440918,23.28494644165039,69.16999816894531,56.84247589111328,51.89494323730469,38.67839050292969,34.488311767578125,74350.38284886349
2023-12-11,1717.0025634765625,12889.640625,2126.094970703125,4923.36328125,78.5,44122.44921875,3560.507568359375,9047.140625,10581.7412109375,3948.1640625,10450.162109375,18.43280029296875,87.1762924194336,73.45115661621094,75.03047180175781,94.27658081054688,445.5440673828125,388.8899230957031,190.85321044921875,142.91000366210938,134.41000366210938,145.88999938964844,48.529998779296875,357.05999755859375,44.49659729003906,46.599998474121094,89.68505859375,36.5362434387207,133.43614196777344,,10.333000183105469,139.88699340820312,5.616499900817871,,58.86484909057617,1.9949995279312134,322.1941223144531,54.03797149658203,45.98899841308594,10.84744930267334,17.770000457763672,58.38885498046875,6.949999809265137,8.069999694824219,25.65273666381836,68.55999755859375,56.92449188232422,51.89494323730469,38.95219802856445,34.69830322265625,72775.71968793869
2023-12-12,1682.7991943359375,12889.640625,2160.526123046875,5101.9306640625,78.5,45432.8515625,3591.239501953125,8788.650390625,10633.611328125,3966.25,10483.96484375,18.670902252197266,87.43719482421875,73.46017456054688,75.1862564086914,94.58112335205078,447.5790710449219,391.9870910644531,192.36476135253906,140.5500030517578,137.61000061035156,147.47999572753906,48.380001068115234,360.0199890136719,44.41343307495117,44.400001525878906,88.58589172363281,36.54555130004883,132.38612365722656,,10.34000015258789,139.22999572753906,5.583600044250488,128.59429931640625,59.006893157958984,1.9775758981704712,331.04931640625,53.81975555419922,46.29999923706055,10.663593292236328,17.5,58.240509033203125,6.570000171661377,7.949999809265137,26.183279037475586,69.56999969482422,57.02473068237305,51.89494323730469,39.178802490234375,34.94649124145508,74053.4660577774
2023-12-13,1710.161865234375,12972.7998046875,2349.894775390625,5135.94189453125,78.5,46381.171875,3679.045166015625,8840.3486328125,10633.611328125,3987.139892578125,,19.259532928466797,88.53475189208984,73.82965850830078,76.43242645263672,95.88497161865234,453.75115966796875,396.97210693359375,195.57562255859375,144.50999450683594,138.19000244140625,148.83999633789062,50.16999816894531,362.0299987792969,45.59630584716797,48.0,90.29788970947266,36.9086799621582,132.7130126953125,58.45000076293945,10.375,140.97500610351562,5.609000205993652,128.9344940185547,59.93944549560547,2.029846668243408,331.5643615722656,56.74582290649414,47.99800109863281,10.84744930267334,17.8700008392334,61.04918670654297,6.96999979019165,8.9399995803833,27.43103790283203,70.05999755859375,57.82660675048828,52.17270278930664,39.655616760253906,35.50968551635742,76790.45205151197
2023-12-14,1747.785400390625,13264.33203125,2332.679443359375,5118.9365234375,78.5,48984.72265625,3793.19140625,8788.650390625,10737.3564453125,3968.25,10824.6904296875,19.5108585357666,89.24933624267578,73.95623779296875,77.22669982910156,96.50358581542969,455.2074279785156,396.6280212402344,195.7238006591797,147.25999450683594,138.0,147.4199981689453,52.02000045776367,358.1199951171875,46.428016662597656,58.0,91.37760162353516,37.44872283935547,131.95021057128906,,10.470000267028809,142.86900329589844,5.628699779510498,130.65530395507812,58.98528289794922,2.090829372406006,330.00927734375,58.8089485168457,46.983001708984375,11.163681030273438,18.209999084472656,61.187644958496094,7.630000114440918,9.470000267028809,29.661283493041992,74.76000213623047,58.491798400878906,52.262306213378906,40.31182098388672,35.862876892089844,77423.96438455582
2023-12-15,1753.46484375,13352.4091796875,2354.19873046875,5254.98828125,78.5,51657.24609375,3889.77783203125,9047.140625,11169.615234375,3964.5,10838.392578125,19.107412338256836,89.04181671142578,73.8748779296875,77.1224136352539,96.09435272216797,454.45794677734375,398.5453186035156,195.19032287597656,146.60000610351562,139.14999389648438,149.97000122070312,51.11000061035156,356.5,46.04914093017578,54.400001525878906,90.91069030761719,37.225250244140625,132.58421325683594,58.31850051879883,10.420000076293945,142.24899291992188,5.663300037384033,130.90460205078125,58.59312057495117,2.0472702980041504,331.7426452636719,59.10650634765625,47.20600128173828,10.99453067779541,18.200000762939453,60.58436965942383,7.579999923706055,9.350000381469727,30.03462791442871,74.20999908447266,57.84482955932617,52.199581146240234,40.20796585083008,35.65287399291992,75751.33621501923
2023-12-18,1734.92919921875,13352.4091796875,2341.286865234375,5314.509765625,78.5,50864.1171875,3902.948974609375,9012.67578125,11584.5849609375,3946.10205078125,10833.822265625,19.186777114868164,88.86136627197266,73.8658218383789,77.1397705078125,96.52262115478516,457.0143127441406,401.0556335449219,193.53053283691406,147.5,138.89999389648438,154.07000732421875,51.06999969482422,359.6499938964844,45.892024993896484,53.599998474121094,90.32706451416016,37.206634521484375,135.90281677246094,58.557701110839844,10.399999618530273,142.07699584960938,5.635700225830078,130.31520080566406,59.08408737182617,2.0385582447052,341.3505554199219,59.23545837402344,48.61199951171875,11.288700103759766,17.84000015258789,60.792057037353516,7.5,9.65999984741211,29.759531021118164,73.87999725341797,58.01646041870117,52.199581146240234,40.27023696899414,35.771827697753906,75712.98052086402
2023-12-19,1757.172119140625,13352.4091796875,2423.06005859375,5306.0078125,78.5,52381.3984375,3920.50927734375,9012.67578125,11671.037109375,3932.75,10943.44140625,19.27937126159668,88.96963500976562,73.89295196533203,77.3309555053711,97.21736907958984,459.7933349609375,403.1048583984375,194.56793212890625,146.91000366210938,140.14999389648438,153.7899932861328,53.18000030517578,361.79998779296875,47.0656623840332,52.599998474121094,91.36787414550781,37.5232048034668,136.80426025390625,,10.519000053405762,142.5,5.627799987792969,130.55999755859375,59.263187408447266,2.0385582447052,347.03619384765625,59.175941467285156,49.50199890136719,11.49461841583252,17.950000762939453,62.31507110595703,7.579999923706055,9.9399995803833,30.21147346496582,77.30999755859375,58.62223434448242,52.22645950317383,40.64104080200195,36.04042053222656,75820.94732904434
2023-12-20,1731.2222900390625,13070.5654296875,2466.0986328125,5033.904296875,87.0,51726.2109375,3929.2900390625,9219.466796875,11342.5205078125,3941.25,10897.76953125,19.358739852905273,89.29441833496094,73.99240112304688,77.33963775634766,95.86461639404297,453.42181396484375,397.11480712890625,192.4833221435547,141.07000732421875,135.47000122070312,152.1199951171875,51.0099983215332,355.3500061035156,46.27091598510742,49.599998474121094,88.78044128417969,36.84772872924805,138.349609375,,10.439000129699707,143.33999633789062,5.653900146484375,130.22129821777344,58.25179672241211,2.0472702980041504,345.9664611816406,57.07314682006836,48.926998138427734,11.384303092956543,17.25,61.059078216552734,7.039999961853027,9.3100004196167,27.607885360717773,76.11000061035156,57.93385696411133,52.29814147949219,40.018280029296875,35.39769744873047,76297.63344526291
2023-12-21,1746.050537109375,13105.7939453125,2401.540771484375,5033.904296875,88.0,49967.515625,3938.0703125,9253.9326171875,11463.5517578125,3939.8798828125,10887.2626953125,19.669593811035156,89.2854232788086,74.06474304199219,77.47871398925781,97.0655746459961,457.72113037109375,401.7353515625,192.33511352539062,142.08999633789062,139.91000366210938,153.83999633789062,52.310001373291016,356.1400146484375,46.76070022583008,48.79999923706055,89.50997924804688,37.540283203125,140.46951293945312,,10.503999710083008,143.67300415039062,5.650599956512451,131.33309936523438,58.70954513549805,2.0734055042266846,350.7307434082031,59.76116180419922,49.1609992980957,11.44313907623291,17.59000015258789,61.37554931640625,7.340000152587891,9.640000343322754,29.796863555908203,76.9000015258789,58.79662322998047,52.333988189697266,40.44137954711914,35.7430419921875,77495.83695919067
2023-12-22,1742.3436279296875,13246.7177734375,2522.0478515625,5229.478515625,88.0,49967.515625,3946.851318359375,9340.095703125,11532.7158203125,3944.75,10994.1396484375,20.159015655517578,89.16813659667969,74.09184265136719,77.37440490722656,97.20968627929688,458.6409912109375,402.3363952636719,191.26812744140625,140.8000030517578,139.60000610351562,153.4199981689453,53.0099983215332,356.4700012207031,47.0009765625,49.400001525878906,88.5372543334961,37.36003112792969,141.38087463378906,59.13999938964844,10.619999885559082,144.0,5.684599876403809,,59.02404022216797,2.099540948867798,350.0374755859375,59.76116180419922,48.67599868774414,11.60493278503418,17.40999984741211,61.1579704284668,7.079999923706055,9.710000038146973,30.043033599853516,77.13999938964844,58.833335876464844,52.3564567565918,40.693328857421875,35.819786071777344,79522.27700710297
2023-12-25,1742.3436279296875,13246.7177734375,2522.0478515625,5229.478515625,88.0,49967.515625,3946.851318359375,9340.095703125,11532.7158203125,3904.773193359375,,,,,,,,,,,,,,,,,,,,,,,,,,,,,,,,,,,,,,,,,
2023-12-26,1749.7579345703125,13422.8701171875,2547.87158203125,5195.4658203125,88.0,49967.515625,3951.24169921875,9409.0263671875,11833.875,3951.080078125,11272.2919921875,20.5029354095459,89.34857940673828,74.05572509765625,77.6524887084961,97.68046569824219,460.5776672363281,404.79937744140625,190.72476196289062,138.72000122070312,143.41000366210938,153.41000366210938,53.790000915527344,356.8299865722656,47.44456100463867,49.79999923706055,88.46916961669922,37.65412139892578,141.47994995117188,59.70000076293945,10.555999755859375,143.49000549316406,,130.80999755859375,59.31986618041992,2.134387969970703,351.4637756347656,60.65385818481445,49.11899948120117,11.906453132629395,17.68000030517578,61.870033264160156,7.360000133514404,9.960000038146973,31.66777801513672,78.18000030517578,59.200469970703125,52.34745407104492,40.883487701416016,35.963680267333984,81008.73963974044
2023-12-27,1720.100830078125,13669.4853515625,2552.17529296875,5229.478515625,88.0,50846.87109375,3951.24169921875,9736.447265625,11940.1689453125,3858.0,,20.948177337646484,89.9169921875,74.14610290527344,77.9305648803711,97.95907592773438,461.4104309082031,405.6233825683594,190.8235321044922,136.5500030517578,146.07000732421875,153.33999633789062,54.2599983215332,356.95001220703125,47.55544662475586,49.599998474121094,87.91471099853516,37.87232971191406,140.11289978027344,59.119998931884766,10.5649995803833,144.07200622558594,5.650400161743164,131.1956024169922,59.475563049316406,2.11696457862854,354.4353332519531,60.76295852661133,49.17900085449219,11.899099349975586,17.469999313354492,61.988712310791016,7.269999980926514,10.319999694824219,31.854869842529297,79.5999984741211,59.5308952331543,52.41039276123047,40.98332214355469,36.078792572021484,80818.06816864014
2023-12-28,1734.92919921875,13634.2548828125,2547.87158203125,5195.4658203125,95.0,50846.87109375,3951.24169921875,9736.447265625,11957.8837890625,3832.75,11053.060546875,20.93456268310547,89.71849822998047,74.1370620727539,77.71331024169922,97.95907592773438,461.5846862792969,405.42633056640625,191.24839782714844,137.0,148.75999450683594,153.3800048828125,54.13999938964844,357.57000732421875,47.610904693603516,48.400001525878906,87.93416595458984,38.16642761230469,139.9543914794922,59.459800720214844,10.66100025177002,144.32200622558594,5.677000045776367,131.41549682617188,59.5440673828125,2.099540948867798,354.9207458496094,60.80263900756836,49.05099868774414,11.788786888122559,17.559999465942383,62.384300231933594,7.179999828338623,10.279999732971191,31.726865768432617,79.51000213623047,59.127044677734375,52.40139389038086,40.826438903808594,36.18431091308594,80236.94512367249
2023-12-29,1734.92919921875,13634.2548828125,2547.87158203125,5195.4658203125,95.0,50846.87109375,3951.24169921875,9736.447265625,11957.8837890625,3879.75,,20.948177337646484,89.54705810546875,74.1732406616211,77.39176940917969,97.77652740478516,460.2484130859375,403.6717224121094,190.2110137939453,136.13999938964844,147.41000366210938,151.94000244140625,52.369998931884766,356.6600036621094,47.53696823120117,46.79999923706055,87.8271713256836,38.147457122802734,139.607666015625,,10.66100025177002,143.79100036621094,5.651899814605713,131.1324005126953,59.6966438293457,2.0821175575256348,350.60205078125,59.82067108154297,48.6879997253418,11.744661331176758,17.170000076293945,60.73271560668945,6.949999809265137,9.949999809265137,30.919410705566406,77.3499984741211,59.18212127685547,52.4373664855957,40.66481018066406,36.06919860839844,81273.69102573395
2024-01-01,1734.92919921875,13634.2548828125,2547.87158203125,5195.4658203125,95.0,50846.87109375,3951.24169921875,9736.447265625,11957.8837890625,3836.099609375,,,,,,,,,,,,,,,,,,,,,,,,,,,,,,,,,,,,,,,,,
2024-01-02,1746.050537109375,14374.09765625,2621.03662109375,5237.98193359375,95.0,51898.64453125,4082.94921875,9788.14453125,12064.1748046875,3883.090087890625,11254.0244140625,21.268156051635742,89.12298583984375,74.08280944824219,76.62708282470703,96.940673828125,457.6726989746094,396.8406982421875,183.40403747558594,134.47999572753906,138.5800018310547,149.92999267578125,50.5,362.4599914550781,49.015567779541016,43.400001525878906,88.23571014404297,37.70155715942383,138.25051879882812,,10.614999771118164,143.2949981689453,5.641300201416016,131.07400512695312,60.66507339477539,2.0821175575256348,343.0047912597656,57.69802474975586,46.849998474121094,11.766722679138184,16.579999923706055,60.78216552734375,6.699999809265137,9.649999618530273,27.610837936401367,72.22000122070312,58.43866729736328,52.36544418334961,40.593502044677734,36.22268295288086,82586.16595181776
2024-01-03,1794.2431640625,14233.1748046875,2668.378662109375,5229.478515625,95.0,51898.64453125,3951.24169921875,9994.9365234375,12436.197265625,3887.47998046875,11400.1806640625,21.32261848449707,89.16813659667969,74.10091400146484,76.33160400390625,96.17205810546875,453.9350280761719,392.6414794921875,182.03073120117188,133.4199981689453,135.32000732421875,148.47000122070312,48.52000045776367,366.75,49.57004165649414,41.20000076293945,89.15007019042969,37.49285125732422,139.0430145263672,,10.843000411987305,142.52099609375,5.639500141143799,130.41000366210938,60.42218780517578,2.0734055042266846,341.2020568847656,56.299468994140625,47.0260009765625,12.193266868591309,16.09000015258789,57.983375549316406,6.5,8.3100004196167,25.848234176635742,68.62999725341797,57.94303894042969,52.3834228515625,40.15614700317383,35.91571807861328,82891.25248965528
2024-01-04,1783.121826171875,14620.7109375,2715.720947265625,5306.0078125,95.0,52157.26171875,3990.75390625,10511.916015625,12879.0830078125,3896.75,11665.087890625,22.350624084472656,88.80724334716797,74.05572509765625,75.98404693603516,96.06637573242188,452.4729309082031,390.62078857421875,179.71897888183594,133.72000122070312,136.00999450683594,144.57000732421875,48.90999984741211,363.67999267578125,49.6901741027832,42.20000076293945,88.08979797363281,37.36951446533203,136.7447967529297,58.29999923706055,10.88599967956543,142.76300048828125,5.635799884796143,130.40469360351562,60.30385971069336,2.0646934509277344,343.82696533203125,57.65979766845703,47.46699905395508,12.024120330810547,16.25,57.805362701416016,9.300000190734863,8.420000076293945,25.18848991394043,68.1500015258789,58.27345657348633,52.34745407104492,40.02779769897461,36.059608459472656,87094.79440116882
2024-01-05,1812.77880859375,14973.0185546875,2702.80908203125,5467.56982421875,91.0,52588.3046875,4096.1201171875,10753.1728515625,13286.5380859375,3927.1298828125,11948.265625,23.181198120117188,88.59971618652344,74.03762817382812,75.74940490722656,96.1528549194336,453.0926513671875,391.08404541015625,178.99774169921875,135.97999572753906,138.5800018310547,145.24000549316406,48.900001525878906,365.5899963378906,50.20769119262695,44.599998474121094,88.4205322265625,37.41694641113281,136.10089111328125,,10.812000274658203,141.4149932861328,5.670000076293945,130.71539306640625,60.08588790893555,2.0734055042266846,348.6111145019531,59.49672317504883,47.40599822998047,12.163849830627441,15.979999542236328,59.456939697265625,8.699999809265137,8.220000267028809,25.53313446044922,66.95999908447266,58.16331100463867,52.329490661621094,40.09434509277344,36.21308898925781,91035.57585690916
2024-01-08,1812.77880859375,14973.0185546875,2702.80908203125,5467.56982421875,91.0,52588.3046875,4096.1201171875,10753.1728515625,13286.5380859375,3874.189208984375,,22.39147186279297,88.93354797363281,74.10091400146484,75.84500885009766,97.3057632446289,459.5609130859375,399.16693115234375,183.32498168945312,140.0800018310547,146.17999267578125,149.10000610351562,50.279998779296875,368.17999267578125,49.911964416503906,44.599998474121094,89.05279541015625,37.52130889892578,139.21142578125,,10.871000289916992,142.07000732421875,5.660099983215332,130.76539611816406,60.39105224609375,2.125676393508911,355.2574768066406,63.65713119506836,48.50299835205078,11.972641944885254,16.670000076293945,61.059078216552734,8.829999923706055,8.529999732971191,27.994873046875,69.30999755859375,58.82416534423828,52.36544418334961,40.26548385620117,36.44332504272461,86748.79866410978
2024-01-09,1775.70751953125,15554.322265625,2711.41748046875,5399.5439453125,91.0,51902.3359375,4052.217529296875,11373.5478515625,13835.71484375,3882.75,11939.1298828125,22.323392868041992,88.9155044555664,74.11900329589844,75.54953002929688,96.86381530761719,458.8637390136719,399.95562744140625,182.9100341796875,139.52999877929688,149.25999450683594,151.3699951171875,49.5,366.8999938964844,49.422183990478516,42.599998474121094,87.22408294677734,36.99003982543945,141.22239685058594,,11.015000343322754,142.32899475097656,5.664999961853027,130.61529541015625,60.4439811706543,2.0734055042266846,354.0390930175781,63.02165603637695,48.20899963378906,11.759367942810059,16.389999389648438,60.376686096191406,8.529999732971191,8.319999694824219,27.985021591186523,69.52999877929688,58.23674392700195,52.3834228515625,39.80435562133789,36.21308898925781,86676.15365839005
2024-01-10,1738.6363525390625,15325.3251953125,2711.41748046875,5484.5751953125,91.0,51902.3359375,4170.75439453125,11425.24609375,13463.69140625,3938.25,11942.78515625,22.15999984741211,88.74406433105469,74.11900329589844,76.08831787109375,97.31537628173828,461.45880126953125,402.6662902832031,183.9473876953125,139.75999450683594,148.5399932861328,153.72999572753906,49.349998474121094,367.9200134277344,48.99708938598633,38.79999923706055,86.85443878173828,36.90464782714844,142.4507598876953,,10.899999618530273,141.79400634765625,5.664100170135498,,60.197998046875,2.0646934509277344,366.9554443359375,62.98193359375,47.83300018310547,11.722600936889648,16.790000915527344,60.28767395019531,8.300000190734863,8.479999542236328,27.738849639892578,67.9000015258789,58.48455810546875,52.3834228515625,39.7520637512207,36.270652770996094,87271.61939907074
2024-01-11,1746.050537109375,15325.3251953125,2698.50537109375,5569.60693359375,88.0,52075.359375,4249.78076171875,11459.7119140625,13375.1142578125,3934.75,11821.7470703125,21.717479705810547,89.24933624267578,74.290771484375,76.77481842041016,97.26732635498047,461.2554931640625,403.504150390625,183.3546142578125,139.4499969482422,148.02000427246094,155.17999267578125,48.18000030517578,363.3399963378906,48.12841033935547,40.20000076293945,87.01007080078125,37.05644226074219,142.3219757080078,,10.991000175476074,142.56700134277344,5.672999858856201,,60.23845672607422,1.9949995279312134,366.16302490234375,65.40470123291016,49.222999572753906,11.950578689575195,16.68000030517578,60.67337417602539,8.100000381469727,8.170000076293945,28.02440643310547,67.87000274658203,58.227561950683594,52.509281158447266,39.633216857910156,36.1363410949707,85452.85327243805
2024-01-12,1760.879150390625,15589.5546875,2765.21435546875,5612.12353515625,88.0,52334.8671875,4302.46337890625,11218.455078125,13729.4208984375,3916.72998046875,11856.9169921875,21.66982650756836,89.41170501708984,74.44445037841797,76.91383361816406,97.46908569335938,461.5749816894531,403.7110900878906,183.6806182861328,137.13999938964844,146.55999755859375,154.6199951171875,47.380001068115234,363.6199951171875,48.627437591552734,38.0,87.8855209350586,37.18925857543945,142.88662719726562,59.380001068115234,10.991000175476074,143.32200622558594,5.667500019073486,131.44569396972656,60.322540283203125,1.9862874746322632,370.9372863769531,65.2160415649414,49.215999603271484,12.016766548156738,16.760000228881836,60.327239990234375,7.369999885559082,7.889999866485596,27.669919967651367,66.4800033569336,58.39277267456055,52.60816192626953,39.67124938964844,36.06919860839844,84874.85915374942
2024-01-15,1760.879150390625,15395.7861328125,2782.8271484375,5697.1552734375,88.0,52767.375,4539.5380859375,11476.9443359375,13888.859375,3867.40234375,11856.9169921875,,,,,,,,,,,,,,,,,,,,,,,,,,,,,,,,,,,,,,,,
2024-01-16,1731.2222900390625,15889.015625,2857.681640625,5697.1552734375,106.0,52888.484375,4662.4658203125,11545.875,14438.037109375,3909.47998046875,11919.9453125,21.111570358276367,88.74406433105469,74.3269271850586,76.20126342773438,96.61400604248047,459.8804931640625,403.6717224121094,181.41824340820312,135.02000427246094,158.74000549316406,153.16000366210938,46.7599983215332,361.1000061035156,47.93434143066406,36.0,90.51187896728516,36.28799057006836,142.72813415527344,,10.814000129699707,142.32000732421875,5.697999954223633,131.25559997558594,60.00492858886719,1.8730343580245972,363.9739685058594,65.05717468261719,48.124000549316406,11.825557708740234,16.530000686645508,57.805362701416016,6.96999979019165,7.71999979019165,28.743240356445312,65.16000366210938,57.282188415527344,52.54524612426758,39.214874267578125,35.819786071777344,82535.26167193893
2024-01-17,1716.393798828125,15325.3251953125,2870.89111328125,5697.1552734375,108.0,53199.8984375,4978.56396484375,11528.642578125,14508.8984375,3948.60009765625,11897.111328125,21.349851608276367,88.5004653930664,74.18228149414062,75.91453552246094,95.87422943115234,457.3241271972656,401.3946838378906,180.4796600341797,134.97999572753906,160.1699981689453,151.7100067138672,45.91999816894531,359.2900085449219,47.46303939819336,34.400001525878906,87.87579345703125,35.74722671508789,141.54930114746094,,10.869000434875488,141.45899963378906,5.659999847412109,130.80020141601562,59.88348388671875,1.8207637071609497,364.8753662109375,64.89830017089844,48.03300094604492,11.693181037902832,16.389999389648438,59.2294807434082,6.650000095367432,7.53000020980835,27.994873046875,63.900001525878906,56.83245086669922,52.4373664855957,38.92964172363281,35.75263214111328,84302.02614538651
2024-01-18,1705.2724609375,14990.6337890625,2906.116943359375,5663.14306640625,108.0,53632.42578125,4934.662109375,11425.24609375,14880.9208984375,3956.429931640625,11886.1484375,21.921720504760742,88.41927337646484,74.21844482421875,75.99270629882812,96.71009063720703,461.3910217285156,407.09210205078125,186.35801696777344,137.0399932861328,162.6699981689453,153.5,45.65999984741211,362.3800048828125,47.23200225830078,33.0,89.6948013305664,36.041324615478516,143.62962341308594,,10.741999626159668,141.6510009765625,5.672999858856201,130.6721954345703,59.71221923828125,1.8643226623535156,372.56170654296875,67.7281723022461,48.53099822998047,11.634346961975098,16.399999618530273,61.405216217041016,6.610000133514404,7.409999847412109,30.712627410888672,64.47000122070312,57.33726119995117,52.45534133911133,39.053245544433594,35.81018829345703,86731.75115809543
2024-01-19,1690.44384765625,15166.7880859375,2844.471923828125,5535.59423828125,108.0,53632.42578125,4785.39306640625,11201.2216796875,14969.4970703125,3919.389892578125,11633.1171875,21.717479705810547,88.43730926513672,74.1641845703125,76.0274887084961,97.68046569824219,467.1427917480469,415.1651916503906,189.2527313232422,139.92999267578125,174.22999572753906,155.33999633789062,46.279998779296875,366.989990234375,47.610904693603516,34.79999923706055,90.52161407470703,36.420806884765625,146.58163452148438,,10.87600040435791,140.9149932861328,5.647600173950195,130.72999572753906,59.41017150878906,1.907881736755371,379.8122253417969,70.57788848876953,48.29499816894531,11.575512886047363,16.780000686645508,65.09408569335938,6.550000190734863,7.489999771118164,34.32646179199219,65.8499984741211,57.35561752319336,52.41039276123047,39.09127426147461,36.38576126098633,85119.27045122441
2024-01-22,1690.44384765625,15166.7880859375,2844.471923828125,5535.59423828125,108.0,53632.42578125,4785.39306640625,11201.2216796875,14969.4970703125,3869.931640625,11669.6552734375,21.54047203063965,88.59971618652344,74.20035552978516,76.07959747314453,97.83418273925781,468.1305236816406,415.7073669433594,191.55462646484375,142.00999450683594,168.17999267578125,154.77999877929688,47.33000183105469,368.05999755859375,48.83074188232422,39.20000076293945,92.48651123046875,36.09824752807617,146.3240509033203,,10.961000442504883,141.8509979248047,5.6757001876831055,130.83790588378906,59.139259338378906,1.907881736755371,378.1581115722656,69.61473846435547,48.57099914550781,11.516678810119629,17.600000381469727,63.03702163696289,6.920000076293945,7.920000076293945,34.7203369140625,66.69000244140625,57.45657730102539,52.428375244140625,39.20537185668945,36.55843734741211,83360.15426537022
2024-01-23,1701.565185546875,14867.3271484375,2923.729736328125,5595.11669921875,104.12999725341797,51244.91015625,4943.44189453125,11459.7119140625,15589.5361328125,3900.60009765625,11707.107421875,21.20688247680664,88.38318634033203,74.19134521484375,75.6885757446289,98.03593444824219,469.49578857421875,417.4323425292969,192.82908630371094,142.3000030517578,168.4199981689453,156.02000427246094,47.380001068115234,372.1400146484375,49.25584030151367,43.20000076293945,91.21224212646484,36.411319732666016,147.28492736816406,,10.859999656677246,141.1999969482422,5.6528000831604,130.39999389648438,59.905277252197266,1.8817461729049683,381.545654296875,70.1012954711914,49.21900177001953,11.722600936889648,17.329999923706055,64.0655517578125,7.03000020980835,7.75,35.37023162841797,66.19999694824219,57.31890869140625,52.428375244140625,39.33372116088867,36.615989685058594,82719.5678600166
2024-01-24,1701.565185546875,14867.3271484375,2923.729736328125,5595.11669921875,104.12999725341797,51244.91015625,4943.44189453125,11459.7119140625,15589.5361328125,3955.9599609375,11645.9052734375,21.383892059326172,88.18470001220703,74.15515899658203,75.48001861572266,98.36258697509766,470.009033203125,419.74884033203125,192.15728759765625,141.19000244140625,178.2899932861328,156.8699951171875,46.279998779296875,376.5899963378906,49.2188720703125,40.599998474121094,90.9496078491211,36.81926345825195,148.9392852783203,,10.699999809265137,140.8000030517578,5.692399978637695,130.27479553222656,59.14548873901367,1.8381870985031128,386.9934997558594,71.76942443847656,54.48699951171875,11.68582820892334,16.75,62.32495880126953,6.650000095367432,7.559999942779541,36.8472785949707,62.56999969482422,57.887969970703125,52.41939163208008,38.80128479003906,36.759883880615234,84593.82079570368
2024-01-25,1701.565185546875,14867.3271484375,2923.729736328125,5595.11669921875,104.12999725341797,51244.91015625,4943.44189453125,11459.7119140625,15589.5361328125,3913.97998046875,11646.8173828125,21.22049903869629,88.58167266845703,74.290771484375,76.01876831054688,98.75650787353516,472.56536865234375,420.2613525390625,191.83126831054688,142.11000061035156,180.3300018310547,157.75,45.81999969482422,380.8500061035156,49.65321731567383,39.20000076293945,92.27251434326172,36.86669921875,152.1984405517578,60.20000076293945,10.704999923706055,141.4199981689453,5.660399913787842,130.3448028564453,59.64993667602539,1.8468987941741943,389.4499816894531,69.50553131103516,56.20000076293945,12.259453773498535,16.459999084472656,60.040435791015625,6.650000095367432,7.650000095367432,36.55187225341797,62.709999084472656,58.15414047241211,52.509281158447266,39.210121154785156,36.94215393066406,83056.60841301363
2024-01-26,1701.565185546875,14867.3271484375,2923.729736328125,5595.11669921875,104.12999725341797,51244.91015625,4943.44189453125,11459.7119140625,15589.5361328125,3937.5,11809.8740234375,21.635786056518555,88.482421875,74.24556732177734,76.13176727294922,98.84298706054688,471.9649658203125,417.7576599121094,190.10232543945312,149.6199951171875,177.25,159.1199951171875,45.91999816894531,385.3999938964844,49.59777069091797,38.79999923706055,92.75888061523438,36.89516067504883,152.34701538085938,,10.902000427246094,141.77000427246094,5.696899890899658,131.25,59.87413024902344,1.8468987941741943,390.4009094238281,67.55937957763672,57.04199981689453,12.53891372680664,16.350000381469727,61.0986328125,6.630000114440918,7.619999885559082,33.489463806152344,64.97000122070312,58.67730712890625,52.473323822021484,39.2243766784668,37.07645034790039,85190.90759754181
2024-01-29,1775.70751953125,15061.09765625,2897.310546875,5552.60107421875,108.0,51244.91015625,5092.7109375,11459.7119140625,14863.2060546875,3893.13818359375,11774.7060546875,21.560897827148438,88.83430480957031,74.31787872314453,76.41852569580078,99.49629211425781,475.7026672363281,422.0356750488281,189.42063903808594,152.6999969482422,177.8300018310547,161.25999450683594,48.11000061035156,383.17999267578125,50.00437545776367,40.79999923706055,94.83077239990234,36.91413116455078,153.38717651367188,60.439701080322266,10.897000312805176,141.86099243164062,5.7052998542785645,130.72000122070312,60.166847229003906,1.8643226623535156,397.2155456542969,69.64453887939453,57.57899856567383,12.61981201171875,17.09000015258789,63.05679702758789,7.179999828338623,9.15999984741211,34.50370407104492,68.9800033569336,58.870052337646484,52.527259826660156,39.41929244995117,37.17237854003906,83939.5546034351
2024-01-30,1772.0003662109375,14796.8642578125,2932.536376953125,5467.56982421875,108.0,51244.91015625,5066.36962890625,11287.3857421875,14615.189453125,3926.72998046875,11738.1650390625,21.615360260009766,89.00574493408203,74.27267456054688,76.59231567382812,99.33296203613281,475.334716796875,419.2263488769531,185.7750701904297,149.44000244140625,172.05999755859375,159.0,46.86000061035156,387.1499938964844,52.75826644897461,38.79999923706055,94.29578399658203,36.62004089355469,151.61398315429688,60.83000183105469,10.906000137329102,142.66099548339844,5.701499938964844,130.61529541015625,60.52805709838867,1.8381870985031128,396.26470947265625,68.34378814697266,56.28499984741211,12.531561851501465,16.739999771118164,62.97768020629883,7.039999961853027,8.399999618530273,33.01681137084961,68.22000122070312,58.8975944519043,52.491302490234375,39.599937438964844,37.642433166503906,84877.68317161314
2024-01-31,1731.2222900390625,14849.7119140625,2919.326171875,5442.060546875,106.0,53632.42578125,5022.46728515625,11287.3857421875,14526.6142578125,3919.260009765625,11794.4794921875,21.417926788330078,89.41170501708984,74.40831756591797,76.45330047607422,98.0455551147461,467.57861328125,411.01531982421875,182.17892456054688,144.13999938964844,167.69000244140625,155.1999969482422,45.40999984741211,383.739990234375,51.90807342529297,38.0,93.4300537109375,36.420806884765625,140.46951293945312,,11.020000457763672,143.0500030517578,5.671000003814697,131.60000610351562,60.219783782958984,1.8381870985031128,386.4388427734375,67.22175598144531,56.4109992980957,12.55362319946289,16.09000015258789,60.67337417602539,6.809999942779541,7.829999923706055,31.608699798583984,65.01000213623047,58.4570198059082,52.626155853271484,39.08177185058594,37.181968688964844,83942.42395358998
2024-02-01,1738.6363525390625,14937.7890625,2809.246337890625,5357.02685546875,106.0,54237.94140625,4987.345703125,11373.5478515625,14438.037109375,3915.280029296875,,21.853641510009766,89.92121124267578,74.51891326904297,77.09640502929688,99.26571655273438,473.6982727050781,415.855224609375,184.60931396484375,146.49000549316406,170.47999572753906,159.27999877929688,46.029998779296875,386.44000244140625,51.80642318725586,41.0,94.4124984741211,36.771827697753906,141.37100219726562,60.349998474121094,11.116999626159668,144.69500732421875,5.707699775695801,132.39999389648438,61.46535110473633,1.8730343580245972,391.0348205566406,66.39763641357422,56.750999450683594,12.862500190734863,16.329999923706055,61.33598709106445,6.96999979019165,7.730000019073486,31.95334243774414,66.66999816894531,59.0352668762207,52.66944885253906,39.73304748535156,37.23952865600586,85563.12617155444
2024-02-02,1720.100830078125,14937.7890625,2826.859375,5408.04638671875,106.0,54237.94140625,4961.00341796875,11287.3857421875,14154.58984375,3884.60009765625,,21.77875328063965,89.09772491455078,74.28315734863281,76.47684478759766,99.66921997070312,478.68505859375,422.8834228515625,183.61146545410156,146.5500030517578,177.66000366210938,171.80999755859375,46.65999984741211,390.75,51.81575012207031,39.79999923706055,94.4805908203125,36.667476654052734,142.19317626953125,61.099998474121094,11.157999992370605,142.822998046875,5.699399948120117,130.79539489746094,61.144622802734375,1.8381870985031128,470.4837951660156,67.05297088623047,56.4640007019043,12.50949764251709,17.020000457763672,61.73157501220703,6.940000057220459,7.880000114440918,33.13497543334961,67.87999725341797,58.466209411621094,52.49806213378906,39.50010299682617,37.39301300048828,84601.74712080415
2024-02-05,1720.100830078125,14867.3271484375,2822.4560546875,5416.5498046875,106.0,54237.94140625,4961.00341796875,11287.3857421875,14012.8662109375,3877.0126953125,11726.1865234375,21.622169494628906,88.36473083496094,74.13807678222656,75.83110046386719,99.28491973876953,476.9421081542969,422.3313903808594,185.41941833496094,144.77999877929688,174.22999572753906,170.30999755859375,45.20000076293945,390.760009765625,50.845489501953125,37.599998474121094,94.01368713378906,36.71491241455078,143.57015991210938,61.119998931884766,11.164999961853027,141.27999877929688,5.675899982452393,,60.633941650390625,1.812051773071289,455.0516662597656,66.54656982421875,56.20600128173828,12.443310737609863,16.719999313354492,60.86128616333008,6.760000228881836,7.579999923706055,34.562774658203125,65.8499984741211,58.12660598754883,52.4168815612793,38.49703598022461,37.17237854003906,83829.42563087493
2024-02-06,1746.050537109375,14814.4794921875,2822.4560546875,5399.5439453125,106.0,52819.28125,4952.22265625,11201.2216796875,14260.8837890625,3962.610107421875,11702.1904296875,21.635786056518555,88.8262710571289,74.25597381591797,76.52046966552734,99.86138153076172,478.3268737792969,421.483642578125,187.01992797851562,144.52999877929688,167.8800048828125,169.14999389648438,46.70000076293945,393.739990234375,50.70554733276367,40.400001525878906,96.58167266845703,37.54977035522461,144.04563903808594,61.20000076293945,11.258999824523926,142.46499633789062,5.668799877166748,130.1949005126953,60.78962707519531,1.812051773071289,450.4061584472656,66.60615539550781,55.5880012512207,12.67128849029541,21.8700008392334,63.00735092163086,7.389999866485596,7.800000190734863,33.312225341796875,67.0,58.594696044921875,52.480018615722656,39.176841735839844,37.24912643432617,85734.1845095777
2024-02-07,1753.46484375,14761.634765625,2862.084716796875,5442.060546875,106.0,52819.28125,4881.97900390625,11201.2216796875,14934.06640625,3950.090087890625,,21.628978729248047,88.6452865600586,74.22877502441406,76.41575622558594,100.3705825805664,482.3162536621094,425.82080078125,187.12860107421875,147.5500030517578,170.94000244140625,170.52999877929688,47.16999816894531,397.6600036621094,50.88280487060547,39.0,96.43576049804688,37.59720993041992,145.30372619628906,,11.3100004196167,142.12100219726562,5.663700103759766,130.6053009033203,60.814537048339844,1.8033400774002075,465.1350402832031,68.87997436523438,55.93000030517578,12.788955688476562,23.600000381469727,62.54253387451172,7.289999961853027,7.659999847412109,34.81880569458008,68.30999755859375,58.401954650878906,52.461978912353516,39.4906005859375,37.52731704711914,85436.41448959988
2024-02-08,1734.92919921875,14356.4814453125,2862.084716796875,5212.47216796875,106.0,54445.5546875,4697.58642578125,11115.05859375,14668.3369140625,3953.4599609375,11685.5791015625,21.363468170166016,88.3738021850586,74.21060943603516,76.31977081298828,100.35137176513672,482.529296875,426.6094055175781,186.05174255371094,150.5399932861328,169.35000610351562,169.83999633789062,48.439998626708984,397.489990234375,50.649574279785156,42.0,107.52481842041016,37.38848876953125,145.8386688232422,61.900001525878906,11.220000267028809,141.63400268554688,5.701099872589111,130.51449584960938,60.55609130859375,1.7859164476394653,465.5411682128906,70.51830291748047,55.85300064086914,12.678643226623535,24.510000228881836,55.510948181152344,7.5,8.079999923706055,36.58141326904297,68.83000183105469,58.401954650878906,52.461978912353516,39.43830490112305,37.383426666259766,84459.61603751406
2024-02-09,1716.393798828125,14215.5595703125,2853.278564453125,5340.02099609375,106.0,54625.2109375,4846.85595703125,11115.05859375,14367.1748046875,3945.0,11548.994140625,21.4996280670166,88.3466567993164,74.18341064453125,76.34596252441406,100.88939666748047,485.31805419921875,430.8085632324219,186.81341552734375,147.59500122070312,172.47999572753906,174.4499969482422,49.59000015258789,398.3599853515625,50.369686126708984,43.0,105.43345642089844,37.54977035522461,148.8105010986328,,11.230999946594238,141.05099487304688,5.65939998626709,129.5216064453125,60.04852294921875,1.7946281433105469,463.6690979003906,68.34378814697266,56.13199996948242,12.641874313354492,24.3799991607666,58.260284423828125,7.53000020980835,8.130000114440918,38.71819305419922,66.87999725341797,58.60387420654297,52.43492126464844,39.52387619018555,37.488948822021484,84816.0327243805
2024-02-12,1712.686767578125,14215.5595703125,2782.8271484375,5442.060546875,106.0,52333.97265625,4811.73388671875,11115.05859375,14491.18359375,3892.5009765625,11534.2265625,21.465587615966797,88.36473083496094,74.1925048828125,76.41575622558594,101.01429748535156,485.10498046875,429.1230163574219,185.1317596435547,153.8000030517578,171.91000366210938,172.33999633789062,50.720001220703125,397.7099914550781,50.304378509521484,45.400001525878906,106.30890655517578,37.84386444091797,147.33448791503906,,11.194000244140625,140.92999267578125,5.650000095367432,130.06500244140625,60.45020294189453,1.7859164476394653,464.45166015625,69.92253112792969,55.78499984741211,12.700709342956543,25.049999237060547,59.42727279663086,7.880000114440918,8.329999923706055,38.5507926940918,68.83999633789062,58.64977264404297,52.44394302368164,39.8376350402832,37.661617279052734,83554.82075763866
2024-02-13,1686.73681640625,14092.2529296875,2721.182373046875,5399.5439453125,106.0,52333.97265625,4776.6123046875,11115.05859375,14544.3271484375,3911.919921875,11417.9423828125,21.070720672607422,87.55033111572266,73.95670318603516,75.47332000732422,99.40982818603516,478.4236145019531,422.429931640625,183.04449462890625,150.82000732421875,171.5399932861328,168.63999938964844,47.880001068115234,394.79998779296875,49.22216796875,41.20000076293945,107.44698333740234,37.13233947753906,144.99664306640625,61.5,11.109999656677246,140.26600646972656,5.677199840545654,128.87989807128906,60.00181198120117,1.7597811222076416,455.75494384765625,67.64871978759766,55.45199966430664,12.472726821899414,24.010000228881836,57.617454528808594,7.480000019073486,8.020000457763672,36.27614974975586,64.9800033569336,57.51164627075195,52.28158187866211,39.276676177978516,37.1531982421875,82426.97196743637
2024-02-14,1686.73681640625,14620.7109375,2716.779052734375,5357.02685546875,106.0,52333.97265625,4811.73388671875,10787.6376953125,14048.298828125,3923.320068359375,11370.8759765625,21.51323890686035,87.9394302368164,74.06553649902344,75.98818969726562,100.50508880615234,482.7713623046875,427.03326416015625,182.1641082763672,148.1999969482422,178.6999969482422,170.97999572753906,50.5,398.67999267578125,50.360355377197266,46.400001525878906,108.51698303222656,37.663612365722656,145.75941467285156,,11.21500015258789,140.52999877929688,5.691800117492676,129.52459716796875,59.814979553222656,1.7859164476394653,468.7900695800781,68.47286224365234,57.93299865722656,12.443310737609863,25.190000534057617,58.22072982788086,7.670000076293945,8.420000076293945,38.52125549316406,67.41000366210938,58.31935119628906,52.35373306274414,39.52863311767578,37.50813293457031,84403.32193869492
2024-02-15,1701.565185546875,14620.7109375,2760.8115234375,5399.5439453125,106.0,52333.97265625,4908.31982421875,10770.4052734375,14296.3134765625,3913.2099609375,11473.7744140625,21.486007690429688,88.1475601196289,74.13807678222656,76.60771942138672,101.31211853027344,486.1023864746094,428.3048400878906,181.87722778320312,157.69000244140625,176.75999450683594,169.8000030517578,51.63999938964844,403.45001220703125,51.50788497924805,45.0,109.38270568847656,37.84386444091797,142.58944702148438,,11.305999755859375,140.39999389648438,5.659299850463867,129.74510192871094,60.15127944946289,1.8033400774002075,479.43804931640625,66.96361541748047,59.34600067138672,12.796311378479004,25.40999984741211,59.04157638549805,7.21999979019165,8.529999732971191,38.51141357421875,69.4800033569336,58.96183776855469,52.398841857910156,40.27499771118164,38.15085983276367,84079.25931496918
2024-02-16,1708.9794921875,14796.8642578125,2818.052734375,5484.5751953125,106.0,52333.97265625,4820.513671875,10787.6376953125,14579.759765625,3907.3798828125,11474.2392578125,21.615360260009766,87.8670425415039,74.04739379882812,76.08415985107422,101.06232452392578,483.68157958984375,424.4211120605469,180.34393310546875,152.50999450683594,173.8699951171875,169.50999450683594,50.33000183105469,405.989990234375,51.17202377319336,42.79999923706055,108.55589294433594,38.02412414550781,140.42990112304688,62.5099983215332,11.305999755859375,139.9199981689453,5.653299808502197,129.12539672851562,60.176185607910156,1.8643226623535156,468.8296813964844,65.82172393798828,58.39500045776367,13.016937255859375,24.440000534057617,58.48775100708008,7.0,8.359999656677246,37.74334716796875,65.63999938964844,59.05361557006836,52.32666778564453,40.488922119140625,38.01654815673828,84459.42383970693
2024-02-19,1683.0296630859375,14620.7109375,2818.052734375,5340.02099609375,106.0,52333.97265625,4741.48974609375,10511.916015625,14172.306640625,3863.140869140625,11184.4541015625,,,,,,,,,,,,,,,,,,,,,,,,,,,,,,,,,,,,,,,,
2024-02-20,1690.44384765625,14796.8642578125,2958.955078125,5442.060546875,106.0,52507.54296875,4829.29541015625,10770.4052734375,14473.466796875,3916.35009765625,11352.4189453125,21.397502899169922,87.94849395751953,74.0927505493164,76.07545471191406,100.77410888671875,481.01873779296875,421.21746826171875,179.60206604003906,148.14999389648438,165.69000244140625,167.0800018310547,48.689998626708984,407.1499938964844,51.70379638671875,41.20000076293945,106.45481872558594,38.08103942871094,140.8657684326172,,11.385000228881836,140.58200073242188,5.65500020980835,129.9241943359375,60.677528381347656,1.890458106994629,467.27459716796875,64.58056640625,57.51300048828125,12.972813606262207,23.399999618530273,57.983375549316406,6.53000020980835,8.510000228881836,35.86258316040039,65.7300033569336,59.35650634765625,52.380794525146484,40.40334701538086,37.91103744506836,83800.11256876402
2024-02-21,1727.5150146484375,15096.326171875,3038.213134765625,5654.64013671875,106.0,52073.59375,4943.44189453125,11097.826171875,14880.9208984375,3916.889892578125,11618.208984375,21.962568283081055,87.68606567382812,74.02926635742188,76.01437377929688,100.80292510986328,481.4544677734375,419.5318908691406,180.35386657714844,149.24000549316406,164.2899932861328,168.58999633789062,47.310001373291016,409.25,51.619842529296875,38.599998474121094,104.73309326171875,38.147457122802734,142.49041748046875,,11.3100004196167,139.86000061035156,5.69189977645874,129.70970153808594,61.02939987182617,1.8556108474731445,464.0816955566406,65.05717468261719,57.334999084472656,12.972813606262207,22.739999771118164,56.84606170654297,6.449999809265137,8.109999656677246,35.58686065673828,64.47000122070312,59.429927825927734,52.335697174072266,40.62678146362305,38.026145935058594,86024.96172305709
2024-02-22,1734.92919921875,15061.09765625,3055.826171875,5739.67138671875,106.0,51639.66015625,5040.0283203125,11097.826171875,14615.189453125,3923.449951171875,11757.5634765625,22.214462280273438,87.75845336914062,74.02019500732422,76.49430847167969,102.54190063476562,491.4184265136719,431.81402587890625,182.3817596435547,155.25999450683594,181.86000061035156,174.5800018310547,48.47999954223633,415.1600036621094,52.151615142822266,38.400001525878906,104.70391082763672,38.53641891479492,143.9564971923828,,11.350000381469727,139.82000732421875,5.64870023727417,129.0854034423828,61.110355377197266,1.9862874746322632,482.02911376953125,69.3764419555664,58.84700012207031,12.928685188293457,23.59000015258789,57.70646286010742,6.210000038146973,8.15999984741211,40.78605270385742,67.95999908447266,60.026527404785156,52.317657470703125,41.03561019897461,38.4674186706543,87157.33094884828
2024-02-23,1727.5150146484375,15061.09765625,3174.712158203125,5807.697265625,106.0,52073.59375,5075.14990234375,11080.5927734375,14880.9208984375,3926.8798828125,11822.166015625,22.62294578552246,88.084228515625,74.05647277832031,76.92189025878906,102.580322265625,491.7572937011719,430.5423889160156,180.5516815185547,152.66000366210938,176.52000427246094,174.99000549316406,48.40999984741211,417.2200012207031,52.17959976196289,38.0,104.80118560791016,38.51744842529297,143.92677307128906,,11.576000213623047,139.8300018310547,5.667099952697754,129.32470703125,61.384376525878906,1.9688640832901,479.94677734375,67.10262298583984,58.35599899291992,12.766895294189453,22.969999313354492,58.50753402709961,6.039999961853027,8.170000076293945,39.55518341064453,78.91999816894531,60.099952697753906,52.32666778564453,41.2780647277832,38.659271240234375,88837.59069512598
2024-02-26,1738.6363525390625,15149.171875,3372.85693359375,5773.685546875,95.0,52073.59375,5083.9306640625,11063.3603515625,14880.9208984375,3879.02001953125,11835.548828125,22.561670303344727,87.89420318603516,74.00206756591797,76.7037353515625,102.30171203613281,489.9561767578125,430.315673828125,179.2063446044922,149.27000427246094,176.00999450683594,174.72999572753906,50.08000183105469,409.1400146484375,51.6478271484375,39.20000076293945,104.7428207397461,38.3466796875,137.4481658935547,63.29999923706055,11.5,139.41700744628906,5.64870023727417,129.5904998779297,60.97645568847656,1.960152268409729,477.67608642578125,68.13526916503906,58.76499938964844,12.9801664352417,23.559999465942383,58.675655364990234,6.190000057220459,8.539999961853027,40.579261779785156,74.66000366210938,60.035701751708984,52.29961013793945,41.030860900878906,38.4674186706543,87517.17078073788
2024-02-27,1749.7579345703125,15272.48046875,3240.7607421875,5697.1552734375,95.0,51639.66015625,5022.46728515625,11115.05859375,14703.7685546875,3959.7099609375,11835.548828125,22.19403839111328,87.77656555175781,74.00206756591797,76.6339340209961,102.50347137451172,490.8664855957031,431.3507080078125,180.66050720214844,152.05999755859375,178.0,173.5399932861328,51.540000915527344,408.9100036621094,51.97434997558594,40.20000076293945,106.43536376953125,38.42258071899414,138.7854461669922,,11.449000358581543,140.14999389648438,5.644700050354004,129.5,60.86747741699219,2.012423038482666,482.9412841796875,68.64165496826172,60.16699981689453,13.016937255859375,24.530000686645508,59.496498107910156,6.159999847412109,9.149999618530273,40.48080062866211,77.70999908447266,60.13666534423828,52.317657470703125,41.182987213134766,38.57293701171875,87881.95489072055
2024-02-28,1705.2724609375,15113.9404296875,3187.922607421875,5782.18798828125,95.0,51379.28125,5022.46728515625,11201.2216796875,14526.6142578125,3929.9599609375,11814.783203125,22.153194427490234,87.94849395751953,74.07463073730469,76.79098510742188,102.07112121582031,490.21771240234375,429.0539245605469,179.4635467529297,153.42999267578125,176.5399932861328,173.16000366210938,51.15999984741211,412.1400146484375,51.35860824584961,39.79999923706055,107.77772521972656,37.919769287109375,136.14051818847656,,11.348999977111816,140.14999389648438,5.650000095367432,129.41470336914062,60.87369918823242,2.012423038482666,479.93682861328125,67.06289672851562,59.64799880981445,12.296225547790527,24.420000076293945,59.585506439208984,6.230000019073486,8.859999656677246,39.19084548950195,78.41999816894531,59.833778381347656,52.371768951416016,41.311344146728516,38.71683120727539,87061.16710690036
2024-02-29,1697.858154296875,14726.404296875,3302.40576171875,5773.685546875,95.0,52247.19140625,4881.97900390625,10994.4306640625,14367.1748046875,3923.18994140625,11776.759765625,22.139577865600586,88.0932846069336,74.11994171142578,77.05277252197266,102.46503448486328,491.9800109863281,432.730712890625,178.80079650878906,157.47000122070312,192.52999877929688,176.75999450683594,51.25,409.3999938964844,51.76910400390625,41.400001525878906,108.53644561767578,37.93873977661133,138.46847534179688,63.29999923706055,11.310999870300293,140.9980010986328,5.651500225067139,129.6999969482422,60.94532012939453,2.0385582447052,485.9953308105469,71.15379333496094,60.29199981689453,12.149142265319824,25.079999923706055,59.67451858520508,6.269999980926514,8.979999542236328,42.184326171875,79.47000122070312,59.8613166809082,52.38983154296875,41.625099182128906,38.69764709472656,86857.76918930467
2024-03-01,1660.787109375,14849.7119140625,3284.792724609375,5952.251953125,95.0,52420.75390625,5224.419921875,11201.2216796875,16209.578125,3926.1298828125,11767.52734375,22.30296516418457,88.51619720458984,74.26545715332031,77.50503540039062,103.45462036132812,496.598876953125,439.2462463378906,177.7225341796875,159.72000122070312,202.63999938964844,178.22000122070312,51.13999938964844,407.1099853515625,51.87173080444336,41.599998474121094,108.89634704589844,38.403602600097656,136.784423828125,,11.258000373840332,141.11700439453125,5.701499938964844,130.49429321289062,60.67441177368164,2.0472702980041504,498.0626525878906,77.061767578125,61.933998107910156,12.26680850982666,24.93000030517578,59.872310638427734,6.239999771118164,8.989999771118164,47.59029769897461,79.25,60.366119384765625,52.48303985595703,41.815250396728516,38.64967727661133,87564.33800643124
2024-03-04,1571.816162109375,14884.94140625,3364.05078125,6190.34228515625,95.0,51379.28125,5408.810546875,10977.1982421875,17006.767578125,3867.059814453125,11859.822265625,22.234888076782227,88.29840850830078,74.19270324707031,77.43492889404297,103.3009033203125,496.0663146972656,437.6789855957031,173.2117156982422,158.08999633789062,205.36000061035156,177.5800018310547,50.68000030517578,403.3900146484375,52.375518798828125,41.400001525878906,110.5888900756836,38.31821823120117,132.9408416748047,64.33999633789062,11.41100025177002,140.91099548339844,5.7017998695373535,131.0,60.746028900146484,2.0559818744659424,493.9873352050781,78.78946685791016,61.58300018310547,12.15649700164795,24.040000915527344,59.318485260009766,6.139999866485596,8.579999923706055,49.00825500488281,77.0,60.28351593017578,52.43778610229492,42.11949920654297,38.745609283447266,85983.64216058748
2024-03-05,1553.2806396484375,15149.171875,3390.469482421875,6547.47705078125,95.0,51379.28125,5689.78857421875,10977.1982421875,16918.193359375,3943.610107421875,11890.2802734375,22.439125061035156,88.7793960571289,74.24727630615234,77.60144805908203,102.46503448486328,491.1085205078125,429.8227844238281,168.285400390625,159.3300018310547,205.1300048828125,174.1199951171875,48.900001525878906,400.739990234375,52.48746871948242,40.0,109.791259765625,37.976680755615234,132.5247802734375,,11.35099983215332,141.52999877929688,5.6656999588012695,130.66099548339844,60.521827697753906,2.090829372406006,486.0845947265625,78.17386627197266,59.849998474121094,12.038829803466797,23.809999465942383,57.62734603881836,5.960000038146973,7.269999980926514,46.12310791015625,74.43000030517578,60.035701751708984,52.492088317871094,41.89606857299805,38.75520324707031,88491.16039240174
2024-03-06,1545.8663330078125,15624.7861328125,3403.679443359375,6589.99365234375,95.0,51205.7109375,5795.1552734375,11063.3603515625,16882.7578125,3942.97998046875,11998.2646484375,22.79314422607422,88.9155502319336,74.26545715332031,77.89068603515625,103.2624740600586,493.59710693359375,432.52374267578125,167.2961883544922,163.8699951171875,210.6300048828125,173.50999450683594,49.68000030517578,403.9599914550781,53.44840621948242,38.599998474121094,107.05790710449219,38.52693557739258,131.31622314453125,64.2300033569336,11.399999618530273,141.9250030517578,5.671899795532227,,60.86437225341797,2.134387969970703,491.905029296875,80.79521179199219,59.76900100708008,12.274164199829102,26.15999984741211,57.479000091552734,6.03000020980835,7.400000095367432,49.45137023925781,75.52999877929688,60.678192138671875,52.492088317871094,42.205074310302734,38.95665740966797,89872.91137534752
2024-03-07,1549.573486328125,15836.1689453125,3434.501708984375,6632.509765625,95.0,50337.8203125,5891.740234375,11080.5927734375,16918.193359375,3921.929931640625,12044.4111328125,22.77952766418457,89.10613250732422,74.35641479492188,78.10102081298828,104.33851623535156,498.49676513671875,439.088623046875,167.17747497558594,163.5399932861328,211.3800048828125,176.82000732421875,50.25,402.3900146484375,53.84957504272461,39.0,107.17462921142578,38.76411437988281,133.97108459472656,65.04209899902344,11.482999801635742,142.17999267578125,5.6768999099731445,130.6352996826172,61.18820571899414,2.143099784851074,507.8691711425781,84.48892211914062,60.85100173950195,12.28151798248291,26.459999084472656,57.85480880737305,6.03000020980835,7.46999979019165,54.47331237792969,77.22000122070312,61.62356185913086,52.55543899536133,42.7232551574707,38.89909362792969,89339.71137480112
2024-03-08,1523.6236572265625,16029.9384765625,3456.517822265625,6675.025390625,95.0,50337.8203125,5882.958984375,11270.15234375,16741.0390625,3914.010009765625,,22.248504638671875,89.18781280517578,74.39278411865234,78.18865966796875,103.8293228149414,495.5046691894531,432.75042724609375,168.88882446289062,164.91000366210938,207.38999938964844,175.35000610351562,50.75,403.1499938964844,53.65365219116211,38.400001525878906,107.3108139038086,38.726158142089844,135.01121520996094,64.58000183105469,11.355999946594238,142.51100158691406,5.685299873352051,130.9499969482422,61.384376525878906,2.1518115997314453,501.68194580078125,74.88721466064453,60.481998443603516,10.86950969696045,26.040000915527344,58.35918426513672,6.039999961853027,7.710000038146973,48.2008056640625,80.73999786376953,61.34820556640625,52.58259201049805,42.476043701171875,38.966243743896484,87080.86985807866
2024-03-11,1527.3309326171875,16206.0908203125,3434.501708984375,6547.47705078125,95.0,47887.68359375,5795.1552734375,11080.5927734375,16687.888671875,3865.880859375,11956.7314453125,22.214462280273438,89.0879898071289,74.3291244506836,78.06595611572266,103.61795806884766,495.07861328125,431.1436767578125,170.88705444335938,162.99000549316406,198.38999938964844,171.9600067138672,50.650001525878906,404.760009765625,53.56035614013672,38.400001525878906,109.24652099609375,38.811546325683594,137.63638305664062,,11.371000289916992,142.7530059814453,5.71999979019165,130.25,61.870155334472656,2.1779468059539795,479.5104675292969,71.84884643554688,60.09299850463867,10.707718849182129,25.350000381469727,59.41738510131836,6.039999961853027,7.679999828338623,46.05417251586914,81.52999877929688,61.35738754272461,52.546390533447266,42.95619583129883,39.03339767456055,85878.464530617
2024-03-12,1538.4522705078125,15536.708984375,3434.501708984375,6292.38134765625,95.0,47887.68359375,5637.10498046875,11080.5927734375,16510.73828125,3907.25,,22.010225296020508,88.861083984375,74.2563705444336,77.9607925415039,104.6651840209961,500.404296875,437.32415771484375,171.36187744140625,166.6699981689453,202.75999450683594,175.38999938964844,50.25,404.9800109863281,53.59767150878906,36.599998474121094,109.3924331665039,39.238460540771484,138.3099822998047,,11.451000213623047,142.19500732421875,5.6768999099731445,130.3751983642578,61.9915885925293,2.1866588592529297,495.5341796875,71.26300048828125,61.108001708984375,11.060721397399902,24.700000762939453,59.36793518066406,5.96999979019165,7.480000019073486,48.821163177490234,81.70999908447266,61.953975677490234,52.48303985595703,42.951438903808594,39.196475982666016,85999.45278787613
2024-03-13,1542.159423828125,16294.1669921875,3416.888916015625,6615.5029296875,95.0,46947.00390625,5768.81298828125,11218.455078125,16315.8662109375,3901.1201171875,11812.7529296875,22.207656860351562,88.6977310180664,74.22000122070312,78.0396728515625,104.53067779541016,499.6199951171875,433.9628601074219,169.28453063964844,164.75999450683594,194.7899932861328,176.55999755859375,50.36000061035156,408.1300048828125,53.88688659667969,35.599998474121094,109.43135070800781,39.11513137817383,139.4491729736328,64.91000366210938,11.5,141.64100646972656,5.701900005340576,130.3000030517578,62.243812561035156,2.1779468059539795,491.389404296875,67.1522445678711,60.94499969482422,10.89157485961914,25.0,61.76124572753906,5.880000114440918,7.380000114440918,45.37472915649414,85.72000122070312,62.064117431640625,52.46493911743164,43.37453079223633,39.48426055908203,86634.73693351448
2024-03-14,1571.816162109375,16910.701171875,3377.26025390625,6589.99365234375,95.0,45292.09765625,5663.4462890625,11183.9892578125,16209.578125,3901.25,11803.984375,22.057884216308594,88.1350326538086,74.1563491821289,77.64527130126953,104.11754608154297,498.6322937011719,432.8687438964844,171.13436889648438,166.44000244140625,187.05999755859375,178.75,48.7400016784668,406.7300109863281,53.261810302734375,33.79999923706055,109.00334930419922,38.9159049987793,142.9856719970703,64.81749725341797,11.329999923706055,140.7969970703125,5.69189977645874,129.1790008544922,62.01961898803711,2.1518115997314453,487.68096923828125,65.61320495605469,61.30099868774414,10.825385093688965,24.43000030517578,62.305179595947266,5.579999923706055,7.050000190734863,42.86376190185547,81.23999786376953,61.60520935058594,52.428733825683594,43.1463508605957,39.16770553588867,86053.3207988739
2024-03-15,1638.54443359375,17580.0859375,3082.2451171875,6972.638671875,95.0,44421.0859375,5882.958984375,10942.732421875,16050.138671875,3895.199951171875,,21.996610641479492,88.1259536743164,74.11083984375,77.39982604980469,103.58912658691406,495.20843505859375,427.7232666015625,170.75845336914062,160.63999938964844,191.05999755859375,174.4199981689453,48.65999984741211,408.1300048828125,53.7469482421875,33.599998474121094,108.89634704589844,38.67872619628906,140.8360595703125,64.30999755859375,11.369000434875488,140.41000366210938,5.704100131988525,129.5,62.08500671386719,2.1692352294921875,480.0162048339844,66.39763641357422,60.5880012512207,10.693009376525879,23.489999771118164,62.156829833984375,5.690000057220459,7.03000020980835,42.085853576660156,80.16999816894531,61.54983901977539,52.39252853393555,43.16535949707031,39.129329681396484,85681.19669663766
2024-03-18,1556.98779296875,17351.083984375,3275.986328125,6845.09033203125,95.0,47399.93359375,5970.7646484375,11373.5478515625,16404.4453125,3848.223388671875,12025.953125,22.575288772583008,88.03518676757812,74.11994171142578,77.44367980957031,104.0118637084961,498.1514892578125,431.8026428222656,171.8466033935547,161.86000061035156,190.64999389648438,174.47999572753906,48.790000915527344,408.4100036621094,54.69855499267578,34.400001525878906,110.74451446533203,38.74513626098633,147.08685302734375,64.79830169677734,11.329999923706055,140.41000366210938,5.703100204467773,129.6580047607422,62.48670196533203,2.1779468059539795,492.78753662109375,66.72529602050781,61.8390007019043,10.729781150817871,24.0,63.52161407470703,5.699999809265137,7.079999923706055,41.888912200927734,80.86000061035156,61.18988800048828,52.38349151611328,43.244083404541016,39.35368347167969,86874.75426067552
2024-03-19,1571.816162109375,16998.779296875,3364.05078125,6930.1220703125,95.0,49507.75,6049.7890625,11459.7119140625,16811.896484375,3887.8798828125,12025.953125,22.473167419433594,88.25301361083984,74.1836166381836,77.80301666259766,104.37696075439453,500.91973876953125,432.8785095214844,174.18112182617188,161.7899932861328,181.4199981689453,175.89999389648438,48.5099983215332,411.760009765625,54.91313171386719,34.20000076293945,111.38652038574219,38.555397033691406,146.5321044921875,,11.361000061035156,139.91400146484375,5.695899963378906,129.60000610351562,62.8230094909668,2.1779468059539795,492.0537414550781,64.60041809082031,62.07400131225586,10.68565559387207,23.799999237060547,62.31507110595703,5.71999979019165,6.920000076293945,40.819637298583984,79.31999969482422,61.291404724121094,52.44682693481445,43.24885177612305,39.5462646484375,87372.97551309317
2024-03-20,1575.5234375,16822.626953125,3355.244140625,6989.64453125,95.0,49403.23828125,6181.49755859375,11459.7119140625,16581.599609375,3873.929931640625,12081.330078125,23.0450382232666,88.43453979492188,74.30182647705078,78.17112731933594,105.43379211425781,505.552978515625,438.01104736328125,176.74319458007812,164.7100067138672,179.72999572753906,178.14999389648438,50.209999084472656,416.1099853515625,56.09796905517578,36.599998474121094,113.28333282470703,38.99180221557617,148.2755889892578,,11.355999946594238,140.4929962158203,5.6722002029418945,130.1118927001953,62.89773941040039,2.221505880355835,501.2555236816406,65.07704162597656,62.76900100708008,10.979823112487793,24.56999969482422,64.33257293701172,5.940000057220459,7.360000133514404,42.77094268798828,81.45999908447266,62.029754638671875,52.51924133300781,43.68301010131836,40.01808166503906,89274.86334891478
2024-03-21,1575.5234375,17034.009765625,3416.888916015625,7057.67041015625,95.0,52695.61328125,6163.93701171875,11304.6181640625,16422.158203125,3878.860107421875,12215.6162109375,23.52159881591797,88.498046875,74.30182647705078,78.44284057617188,105.66437530517578,507.2236633300781,440.0837097167969,169.52191162109375,168.17999267578125,178.67999267578125,178.14999389648438,50.529998779296875,413.7799987792969,57.217506408691406,37.79999923706055,113.51678466796875,39.039241790771484,147.34442138671875,65.80000305175781,11.418999671936035,140.67999267578125,5.721700191497803,130.32000732421875,62.912742614746094,2.2650649547576904,503.4766540527344,66.11959838867188,62.270999908447266,10.759198188781738,24.489999771118164,65.4105453491211,5.869999885559082,7.440000057220459,45.638763427734375,84.05000305175781,61.87285232543945,52.51924133300781,43.86430740356445,40.3454704284668,91236.99130984582
2024-03-22,1568.1090087890625,17104.470703125,3447.71142578125,7193.7216796875,95.0,56075.10546875,6199.0595703125,11356.3154296875,16829.6171875,3887.85009765625,12238.23046875,23.671377182006836,88.7793960571289,74.35641479492188,78.69701385498047,105.4145736694336,506.2620544433594,440.5871276855469,170.42213439941406,167.86000061035156,179.64999389648438,178.8699951171875,49.40999984741211,411.6000061035156,56.74169921875,34.79999923706055,112.70943450927734,38.76411437988281,150.34597778320312,65.51000213623047,11.37600040435791,140.90199279785156,5.714700222015381,130.66610717773438,62.8001823425293,2.2650649547576904,505.2812194824219,66.06996154785156,62.80099868774414,10.803321838378906,24.18000030517578,64.05565643310547,5.670000076293945,7.300000190734863,45.757022857666016,80.7699966430664,61.72517776489258,52.56448745727539,43.59236526489258,39.883277893066406,92030.7660887232
2024-03-25,1568.1090087890625,17104.470703125,3447.71142578125,7193.7216796875,,56075.10546875,6199.0595703125,,16829.6171875,3838.925048828125,,23.419479370117188,88.61604309082031,74.32000732421875,78.63565063476562,105.20320129394531,504.8634033203125,438.9881591796875,169.00753784179688,167.99000549316406,178.6300048828125,179.7100067138672,50.25,409.9200134277344,56.86298370361328,34.599998474121094,116.1042251586914,38.79257583618164,149.73178100585938,65.50920104980469,11.319000244140625,141.10000610351562,5.722499847412109,130.0950927734375,62.6688346862793,2.2476413249969482,498.7765808105469,65.65293884277344,62.74599838256836,10.987178802490234,24.510000228881836,65.27208709716797,5.820000171661377,7.449999809265137,45.224849700927734,82.62000274658203,61.78977584838867,52.546390533447266,43.6066780090332,39.729209899902344,89905.62598445639
2024-03-26,1596.9259033203125,17086.85546875,3399.27587890625,7329.7734375,95.0,57399.02734375,6409.79248046875,11425.24609375,16652.45703125,3946.1201171875,12384.0546875,23.88922882080078,88.70680236816406,74.33820343017578,78.62690734863281,105.05908966064453,503.93084716796875,437.5668640136719,167.87982177734375,167.38999938964844,177.8699951171875,178.3000030517578,50.029998779296875,411.57000732421875,57.525367736816406,34.79999923706055,116.65868377685547,38.76411437988281,150.27662658691406,,11.460000038146973,141.55299377441406,5.704899787902832,130.03500366210938,62.75326156616211,2.2476413249969482,491.7067565917969,67.7778091430664,62.92399978637695,10.840092658996582,24.889999389648438,65.93470764160156,5.75,7.199999809265137,44.377315521240234,83.80000305175781,61.882076263427734,52.546390533447266,43.573280334472656,39.864017486572266,94269.76643385738
2024-03-27,1660.9630126953125,17421.546875,3465.324462890625,7346.7802734375,95.0,57381.6015625,6541.50048828125,11425.24609375,16422.158203125,3855.5,12404.3603515625,23.814342498779297,88.99722290039062,74.42008209228516,78.95120239257812,105.82770538330078,508.1658630371094,439.0572204589844,171.44102478027344,166.41000366210938,179.58999633789062,179.8300018310547,50.11000061035156,416.92999267578125,58.54228591918945,38.0,117.6800308227539,38.83052062988281,150.51438903808594,65.0999984741211,11.510000228881836,142.1649932861328,5.6921000480651855,130.75,63.36306381225586,2.2912003993988037,489.69384765625,71.79920959472656,61.35300064086914,10.979823112487793,24.510000228881836,65.83580780029297,6.21999979019165,7.360000133514404,45.82600784301758,83.18000030517578,62.26047897338867,52.60068130493164,44.19827651977539,40.33583450317383,91816.19750404358
2024-03-28,1660.9630126953125,17421.546875,3465.324462890625,7346.7802734375,95.0,57381.6015625,6541.50048828125,11425.24609375,16422.158203125,3846.3798828125,,23.916383743286133,88.88831329345703,74.37457275390625,78.59182739257812,105.80848693847656,508.0687255859375,438.2479248046875,169.63075256347656,164.9600067138672,180.49000549316406,180.3800048828125,50.08000183105469,420.5199890136719,58.999427795410156,38.0,119.02239227294922,38.97283172607422,150.8313751220703,,11.579999923706055,142.1649932861328,5.707099914550781,130.4752960205078,63.4474983215332,2.2563529014587402,481.48370361328125,70.37931823730469,60.733001708984375,11.185741424560547,23.010000228881836,66.25116729736328,6.289999961853027,7.300000190734863,45.85557174682617,84.58000183105469,62.14973449707031,52.55543899536133,44.31755447387695,40.557308197021484,91991.4972997997
2024-03-29,1660.9630126953125,17421.546875,3465.324462890625,7346.7802734375,95.0,57381.6015625,6541.50048828125,11425.24609375,16422.158203125,3857.25,,,,,,,,,,,,,,,,,,,,,,,,,,,,,,,,,,,,,,,,,
2024-04-01,1753.016357421875,17263.009765625,3478.53369140625,7448.81787109375,95.0,58879.734375,6480.03662109375,11718.201171875,16723.322265625,3859.449951171875,12542.8017578125,24.00025177001953,88.24201202392578,74.2194595336914,78.25387573242188,105.55868530273438,507.18475341796875,439.1756896972656,168.19638061523438,163.3699951171875,183.33999633789062,180.97000122070312,49.2400016784668,420.20001220703125,59.20466995239258,36.400001525878906,118.21503448486328,39.039241790771484,155.03158569335938,,11.458999633789062,142.1649932861328,5.658899784088135,,62.9878044128418,2.238929510116577,487.2050476074219,72.68291473388672,61.430999755859375,11.193095207214355,22.860000610351562,64.31279754638672,6.130000114440918,7.21999979019165,47.294410705566406,81.45999908447266,62.03898620605469,52.47552490234375,44.21258544921875,40.33583450317383,92627.77052191459
2024-04-02,1797.0419921875,17492.009765625,3522.56591796875,7482.83056640625,95.0,59750.734375,6523.9384765625,11718.201171875,17449.650390625,3861.06005859375,12809.5322265625,24.545394897460938,88.17830657958984,74.25597381591797,78.28910064697266,104.9342041015625,503.9600830078125,435.3855285644531,167.0192108154297,160.11000061035156,178.6999969482422,180.69000244140625,47.779998779296875,418.9200134277344,58.62624740600586,34.79999923706055,119.4698486328125,39.162567138671875,154.40750122070312,,11.204000473022461,140.4499969482422,5.704899787902832,129.63479614257812,62.58440017700195,2.2476413249969482,493.17425537109375,73.07015228271484,61.42100143432617,11.49461841583252,22.719999313354492,63.946868896484375,5.900000095367432,7.199999809265137,45.214996337890625,79.20999908447266,61.50368118286133,52.502769470214844,44.050384521484375,40.12400436401367,94771.24386099726
2024-04-03,1833.0628662109375,17263.009765625,3566.59814453125,7542.35302734375,95.0,60848.203125,6523.9384765625,11838.830078125,17662.240234375,3830.25,12860.75390625,24.796998977661133,88.23291778564453,74.31069946289062,78.45630645751953,105.18399810791016,504.5136413574219,436.3626708984375,167.8204803466797,159.33999633789062,180.77000427246094,182.41000366210938,47.91999816894531,420.239990234375,57.55336380004883,36.599998474121094,115.7345962524414,39.1910285949707,154.90283203125,,11.333999633789062,139.6999969482422,5.70389986038208,129.48480224609375,61.88078308105469,2.2737765312194824,502.4651794433594,72.51412200927734,63.007999420166016,11.465202331542969,22.700000762939453,64.6193618774414,6.099999904632568,7.539999961853027,45.52050018310547,79.6500015258789,61.93745040893555,52.5300178527832,44.31277847290039,40.10474395751953,94978.70533418655
2024-04-04,1857.0765380859375,17298.240234375,3654.662353515625,7508.34130859375,95.0,59576.54296875,6532.72021484375,12579.833984375,18158.267578125,3811.610107421875,13151.943359375,25.691587448120117,88.4422836303711,74.38372802734375,78.42110443115234,104.12715148925781,498.3555603027344,429.6903991699219,166.9994354248047,158.83999633789062,165.8300018310547,180.0,47.27000045776367,415.32000732421875,56.82566833496094,36.400001525878906,113.8961410522461,39.04872512817383,150.51438903808594,64.58000183105469,11.0,140.68099975585938,5.687099933624268,,61.50551223754883,2.317335367202759,506.6099548339844,70.37931823730469,61.7140007019043,11.41372299194336,22.479999542236328,63.82819366455078,5.900000095367432,7.309999942779541,41.75586700439453,74.7300033569336,61.45753860473633,52.584495544433594,43.86430740356445,39.65218734741211,97926.31439296762
2024-04-05,1833.0628662109375,16910.701171875,3703.097412109375,7525.34619140625,95.0,59036.51171875,6559.06103515625,12752.16015625,18140.55078125,3768.25,13008.88671875,25.426008224487305,88.0053482055664,74.26509857177734,78.5443115234375,104.94380950927734,503.561767578125,434.7538146972656,167.75123596191406,161.77000427246094,170.4199981689453,185.07000732421875,47.119998931884766,418.6199951171875,57.469398498535156,36.599998474121094,115.15095520019531,39.13410568237305,152.49562072753906,,11.168999671936035,139.64999389648438,5.706500053405762,,61.55242919921875,2.308623790740967,522.891357421875,72.13680267333984,63.61800003051758,11.391658782958984,22.959999084472656,64.43147277832031,5.980000019073486,7.400000095367432,42.98775100708008,77.16999816894531,61.614437103271484,52.49368667602539,44.26029586791992,40.0277099609375,95811.55549192429
2024-04-08,1841.0673828125,17245.39453125,3725.113525390625,7550.857421875,95.0,60761.09765625,6576.6220703125,13079.5810546875,17981.11328125,3773.340087890625,13000.580078125,25.3211727142334,87.9234390258789,74.19210815429688,78.57069396972656,105.16477966308594,503.8434753417969,434.88214111328125,166.63343811035156,160.27000427246094,169.89999389648438,185.19000244140625,48.099998474121094,415.9700012207031,57.59068298339844,37.0,114.14905548095703,39.3902587890625,154.6749725341797,64.94999694824219,11.168999671936035,139.24000549316406,5.6768999099731445,129.6569061279297,61.54304122924805,2.3521828651428223,514.8696899414062,71.4119644165039,62.840999603271484,11.501972198486328,23.0,65.60834503173828,6.139999866485596,7.760000228881836,43.36224365234375,78.3499984741211,61.9282341003418,52.4664306640625,44.293697357177734,40.20103073120117,95545.39607501915
2024-04-09,1825.05810546875,17333.470703125,3777.951904296875,7465.82470703125,95.0,59576.54296875,6567.841796875,13786.119140625,18565.716796875,3771.35009765625,13151.943359375,25.537832260131836,88.22380828857422,74.26509857177734,79.0987319946289,105.3185043334961,504.4262390136719,436.4909973144531,167.84027099609375,162.66000366210938,170.77999877929688,185.6699981689453,48.619998931884766,414.69000244140625,57.525367736816406,35.400001525878906,114.75214385986328,39.655887603759766,156.6562042236328,64.30000305175781,11.175999641418457,140.45899963378906,5.683300018310547,129.55479431152344,61.73067855834961,2.308623790740967,512.53955078125,72.82190704345703,61.81999969482422,11.678473472595215,22.809999465942383,66.26107025146484,6.269999980926514,7.889999866485596,44.73209762573242,79.9800033569336,61.79901885986328,52.51184844970703,44.39865493774414,39.96993637084961,96312.10618817713
2024-04-10,1797.0419921875,17439.162109375,3742.72607421875,7338.27783203125,100.0,59489.44140625,6550.2802734375,13441.466796875,19044.03515625,3765.25,13129.79296875,25.027633666992188,87.16788482666016,73.9639892578125,77.84904479980469,104.11754608154297,499.3753662109375,432.68109130859375,165.97064208984375,160.27999877929688,167.13999938964844,185.9499969482422,47.4900016784668,409.1099853515625,56.144615173339844,33.20000076293945,113.99341583251953,39.11513137817383,156.1807098388672,,11.050999641418457,138.57899475097656,5.693399906158447,128.8621063232422,61.252220153808594,2.2912003993988037,515.4447021484375,70.92542266845703,61.858001708984375,11.884389877319336,22.420000076293945,65.1534194946289,5.940000057220459,7.559999942779541,42.465431213378906,78.51000213623047,61.06990051269531,52.29387283325195,43.706871032714844,39.37294006347656,94235.29766464233
2024-04-11,1809.0489501953125,17351.083984375,3786.757568359375,7456.845703125,100.0,60534.64453125,6690.8232421875,13992.9111328125,19433.77734375,3802.25,13283.0009765625,25.00666618347168,87.18608093261719,74.05524444580078,77.62025451660156,104.73243713378906,503.1441345214844,439.5901794433594,173.15235900878906,165.4199981689453,170.5,189.0500030517578,48.20000076293945,407.6099853515625,56.63907241821289,33.0,113.95451354980469,39.35231018066406,159.28134155273438,64.5199966430664,11.071000099182129,137.9290008544922,5.661600112915039,128.27420043945312,60.82065963745117,2.2668163776397705,518.74658203125,71.08441925048828,62.87799835205078,11.766722679138184,22.84000015258789,65.07430267333984,6.050000190734863,7.639999866485596,45.13615417480469,80.05999755859375,61.1068229675293,52.33020782470703,43.673465728759766,39.09369659423828,95081.5964961052
2024-04-12,1793.03955078125,16734.548828125,3769.14501953125,7543.05029296875,100.0,60970.140625,6637.29736328125,13786.119140625,19345.19921875,3822.25,13078.1083984375,24.11207389831543,87.34992980957031,74.1008529663086,77.4002456665039,103.11835479736328,496.19915771484375,432.5823669433594,174.6460723876953,159.3699951171875,163.27999877929688,186.1300048828125,46.5099983215332,403.260009765625,55.67815017700195,32.20000076293945,110.90015411376953,38.45103454589844,157.6963348388672,,10.706999778747559,139.031005859375,5.668399810791016,128.57569885253906,60.19210433959961,2.230691432952881,507.5816650390625,69.72296905517578,62.28300094604492,11.560806274414062,22.670000076293945,63.87763595581055,5.809999942779541,7.329999923706055,40.90833282470703,76.98999786376953,60.0546989440918,52.3937873840332,42.90057373046875,38.57373809814453,92162.37445783615
2024-04-15,1793.03955078125,16382.2421875,3733.920166015625,7499.947265625,100.0,62572.77734375,6557.00634765625,13699.9560546875,19696.275390625,3813.10009765625,12948.896484375,23.5599422454834,86.82199096679688,74.07347869873047,76.50259399414062,102.11917114257812,489.9827575683594,425.4659423828125,170.8276824951172,155.60000610351562,160.32000732421875,183.6199951171875,44.380001068115234,400.260009765625,54.63324737548828,31.600000381469727,109.86906433105469,38.204376220703125,154.8632049560547,64.36000061035156,11.005000114440918,138.3699951171875,5.695099830627441,127.4000015258789,60.079524993896484,2.230691432952881,496.0101623535156,67.4571533203125,60.71500015258789,11.612285614013672,21.899999618530273,62.80955505371094,5.409999847412109,7.119999885559082,39.203407287597656,73.5,59.96239471435547,52.357452392578125,42.69541931152344,38.38115310668945,89836.41807702836
2024-04-16,1793.03955078125,16294.1669921875,3663.46875,7344.77734375,100.0,63576.90625,6512.40185546875,13837.8173828125,19570.24609375,3884.25,12884.2900390625,23.3922061920166,86.57621765136719,74.02787780761719,76.2649917602539,101.58114624023438,489.089111328125,425.5054016113281,167.5533905029297,156.66000366210938,163.4600067138672,183.32000732421875,43.650001525878906,396.9200134277344,53.196510314941406,30.0,110.7737045288086,37.70155715942383,154.53628540039062,63.060001373291016,10.932999610900879,137.4250030517578,5.679999828338623,128.3137969970703,60.267147064208984,2.2126290798187256,495.5441589355469,67.85466003417969,61.75199890136719,11.509326934814453,21.8799991607666,62.730438232421875,5.449999809265137,7.199999809265137,39.952396392822266,73.13999938964844,59.482479095458984,52.339290618896484,42.36622619628906,38.12117385864258,90861.17690134048
2024-04-17,1785.034912109375,16206.0908203125,3566.59814453125,7112.02001953125,100.0,61793.0078125,6369.6640625,13527.6298828125,19354.197265625,3921.5,12655.400390625,23.266407012939453,86.97673034667969,74.0826187133789,76.8634033203125,101.2064437866211,486.1945495605469,420.3137512207031,166.18826293945312,158.3699951171875,154.02000427246094,181.27999877929688,43.02000045776367,397.739990234375,54.26939392089844,28.0,109.85934448242188,37.673099517822266,155.4080047607422,,10.720000267028809,137.56900024414062,5.656599998474121,128.2041015625,60.52983474731445,2.2487540245056152,490.00128173828125,66.06587982177734,61.36899948120117,11.538744926452637,21.309999465942383,62.56230926513672,5.559999942779541,7.159999847412109,36.5228385925293,73.51000213623047,59.685523986816406,52.38469696044922,42.461647033691406,38.21745300292969,91239.21510124207
2024-04-18,1781.03271484375,15836.1689453125,3518.16259765625,6896.50439453125,100.0,59898.76171875,6066.34619140625,13010.6494140625,18183.9453125,3890.39990234375,12459.736328125,22.553525924682617,86.73096466064453,74.0461196899414,76.80179595947266,101.06232452392578,485.1941223144531,417.91522216796875,165.2386016845703,160.10000610351562,155.0800018310547,179.22000122070312,42.90999984741211,399.8900146484375,54.409332275390625,27.600000381469727,109.36326599121094,37.82489013671875,155.98260498046875,,10.777999877929688,137.68899536132812,5.679999828338623,128.18409729003906,60.95200729370117,2.2668163776397705,497.56689453125,64.83360290527344,61.055999755859375,11.457846641540527,21.1299991607666,61.41510009765625,5.449999809265137,7.130000114440918,34.40399932861328,72.05999755859375,59.547088623046875,52.339290618896484,42.4759521484375,38.352264404296875,87742.23505489249
2024-04-19,1793.03955078125,15853.7841796875,3664.097900390625,7198.2265625,100.0,58850.48046875,6316.13720703125,13648.2578125,18255.962890625,3926.64990234375,12515.57421875,22.819110870361328,86.82199096679688,74.0643539428711,77.0218276977539,100.43782806396484,480.95916748046875,409.2689208984375,163.22061157226562,155.00999450683594,146.63999938964844,174.6300048828125,42.0,405.0799865722656,55.174346923828125,27.200000762939453,109.5383529663086,37.673099517822266,154.25892639160156,,10.854999542236328,137.59100341796875,5.657400131225586,128.06590270996094,61.740047454833984,2.2758471965789795,477.01177978515625,61.742977142333984,55.50400161743164,12.112370491027832,20.469999313354492,61.6227912902832,5.360000133514404,7.110000133514404,30.343713760375977,70.41999816894531,59.69476318359375,52.36654281616211,42.44256591796875,38.88186264038086,89602.65947067551
2024-04-22,1809.0489501953125,15941.859375,3605.723876953125,7336.15625,100.0,59402.21875,6414.26904296875,13889.515625,18796.08203125,3912.6201171875,12629.5576171875,22.861042022705078,86.87659454345703,74.1008529663086,77.43544006347656,101.45623779296875,485.3883972167969,413.3847961425781,164.0515594482422,156.61000061035156,148.63999938964844,177.22999572753906,42.599998474121094,408.7799987792969,56.86298370361328,27.200000762939453,108.93525695800781,38.08103942871094,156.46798706054688,,11.039999961853027,138.10800170898438,5.662399768829346,127.75330352783203,62.312320709228516,2.2848782539367676,477.6661682128906,62.488311767578125,55.459999084472656,12.458019256591797,20.969999313354492,62.49308395385742,5.389999866485596,7.25,31.605161666870117,71.5999984741211,60.35926055908203,52.38469696044922,42.485496520996094,39.35368347167969,89446.5729179047
2024-04-23,1821.0556640625,15765.7080078125,3726.962646484375,7241.32861328125,100.0,59604.515625,6423.19091796875,13872.283203125,19714.28125,3909.85009765625,12570.4892578125,22.798141479492188,87.05863952636719,74.16474151611328,77.54106140136719,102.58993530273438,491.1483154296875,419.5536804199219,165.10012817382812,160.9499969482422,152.27000427246094,179.5399932861328,43.869998931884766,408.739990234375,58.467647552490234,26.799999237060547,110.60833740234375,38.39411926269531,158.4195098876953,62.88999938964844,11.045999526977539,137.52099609375,5.669099807739258,128.39999389648438,62.4249153137207,2.311971664428711,491.91497802734375,63.46220016479492,57.775001525878906,12.472726821899414,21.639999389648438,63.71940994262695,5.590000152587891,7.579999923706055,33.615596771240234,75.20999908447266,61.208343505859375,52.43010711669922,42.118133544921875,39.604034423828125,89137.31568997353
2024-04-24,1841.0673828125,16029.9384765625,3655.1171875,7249.94970703125,100.0,59310.2578125,6316.13720703125,13872.283203125,19588.25,3903.199951171875,12570.4892578125,22.41374397277832,86.83108520507812,74.13736724853516,76.98661804199219,102.53230285644531,490.9151611328125,420.9750061035156,167.19729614257812,162.83999633789062,151.74000549316406,176.58999633789062,43.900001525878906,405.95001220703125,58.28105545043945,25.799999237060547,110.81261444091797,38.52693557739258,159.5884246826172,63.2400016784668,10.986000061035156,137.0030059814453,5.690000057220459,128.0500030517578,63.04409408569336,2.2939095497131348,489.3369140625,64.44603729248047,55.512001037597656,12.362411499023438,21.59000015258789,64.12488555908203,5.480000019073486,7.599999904632568,34.9755973815918,74.02999877929688,60.922245025634766,52.402854919433594,42.14676284790039,39.59440612792969,87485.32438012725
2024-04-25,1845.0697021484375,15765.7080078125,3717.98193359375,7362.017578125,100.0,59898.76171875,6342.90087890625,13613.7919921875,19894.31640625,3937.5,12607.4072265625,21.938491821289062,86.58531951904297,74.0826187133789,76.7666244506836,102.21524810791016,489.0502624511719,418.9416809082031,168.05789184570312,163.00999450683594,153.75999450683594,173.6699981689453,43.61000061035156,404.9100036621094,57.64665985107422,25.200000762939453,109.69397735595703,38.61231994628906,156.46798706054688,,10.996999740600586,136.8820037841797,5.657899856567383,127.5,62.81894302368164,2.2758471965789795,437.6565856933594,67.05964660644531,56.47999954223633,12.53891372680664,21.709999084472656,63.39304733276367,5.099999904632568,7.590000152587891,36.86776351928711,72.79000091552734,60.811492919921875,52.38469696044922,42.44733428955078,39.363311767578125,86382.81154632568
2024-04-26,1841.0673828125,15906.630859375,3762.885009765625,7327.53564453125,100.0,59898.76171875,6342.90087890625,13699.9560546875,20704.4921875,3956.010009765625,12865.8310546875,22.93792152404785,86.77648162841797,74.1008529663086,77.10101318359375,103.16638946533203,493.6835021972656,425.40673828125,167.4742431640625,164.22999572753906,157.39999389648438,179.6199951171875,44.06999969482422,402.1000061035156,58.45832061767578,25.399999618530273,109.65507507324219,39.05820846557617,172.06031799316406,63.20000076293945,10.996999740600586,136.8820037841797,5.667600154876709,128.14410400390625,62.63132095336914,2.3571271896362305,439.55047607421875,69.18632507324219,56.12300109863281,12.867972373962402,22.520000457763672,65.23252868652344,5.389999866485596,7.869999885559082,39.22311782836914,74.4800033569336,61.272953033447266,52.3937873840332,42.70972442626953,39.3055419921875,90742.64715235168
2024-04-29,1849.072021484375,16540.78125,3726.962646484375,7086.158203125,100.0,61517.14453125,6342.90087890625,13855.0498046875,21190.59765625,3963.489990234375,12967.35546875,23.545963287353516,87.04045104980469,74.13736724853516,77.47946166992188,103.61795806884766,495.43182373046875,427.134033203125,171.6289520263672,162.25,160.1999969482422,180.9600067138672,45.130001068115234,400.9599914550781,58.08514404296875,26.600000381469727,109.0228042602539,39.43769454956055,166.3246307373047,63.470001220703125,11.010000228881836,137.86900329589844,5.686100006103516,127.89910125732422,62.893985748291016,2.311971664428711,428.9704284667969,68.3217544555664,55.94900131225586,13.079294204711914,22.829999923706055,66.25116729736328,5.5,7.045000076293945,40.02138137817383,75.30999755859375,61.46675491333008,52.41194534301758,43.06755447387695,39.24776077270508,93324.18979985174
2024-04-30,1825.05810546875,15941.859375,3704.5107421875,6999.95166015625,100.0,61793.0078125,6342.90087890625,13613.7919921875,20812.517578125,3907.260009765625,,22.868032455444336,86.68545532226562,74.0461196899414,76.69621276855469,102.05191040039062,487.5835876464844,419.0799560546875,168.49314880371094,158.57000732421875,158.3800048828125,175.0,43.459999084472656,396.7300109863281,57.217506408691406,26.600000381469727,108.06952667236328,38.88744354248047,163.09521484375,,11.010000228881836,136.6739959716797,5.662399768829346,127.94999694824219,62.7438850402832,2.311971664428711,426.5411682128906,65.49943542480469,55.06399917602539,12.80759334564209,21.969999313354492,67.17091369628906,5.420000076293945,6.78000020980835,37.6265983581543,73.0,60.56230545043945,52.357452392578125,42.28511428833008,38.86260223388672,89351.34871518007
2024-05-01,,,,,,,,,,3907.75,,23.028778076171875,86.99134063720703,74.19440460205078,77.01522827148438,101.78290557861328,486.00030517578125,416.04974365234375,167.4742431640625,156.16000366210938,144.27000427246094,179.0,43.81999969482422,398.5799865722656,57.23616027832031,28.399999618530273,107.4664535522461,38.925392150878906,164.01651000976562,,10.961000442504883,137.22799682617188,5.708799839019775,128.2440948486328,62.03089141845703,2.321002960205078,435.4850158691406,63.42245101928711,55.17100143432617,12.784953117370605,22.1200008392334,65.4105453491211,5.409999847412109,6.920000076293945,33.871826171875,66.83999633789062,60.48847198486328,52.44585418701172,42.504581451416016,38.86260223388672,89990.70752716064
2024-05-02,1805.0465087890625,16558.3984375,3735.943115234375,6896.50439453125,100.0,61517.14453125,6342.90087890625,13665.490234375,21514.671875,3912.25,,23.34328269958496,87.38396453857422,74.30425262451172,77.64266204833984,103.05110931396484,490.54608154296875,421.35992431640625,171.16404724121094,158.3300018310547,146.16000366210938,184.72000122070312,44.93000030517578,400.6000061035156,57.41341781616211,30.399999618530273,109.54808044433594,39.9310188293457,166.87940979003906,,11.027000427246094,138.11000061035156,5.686999797821045,,62.349849700927734,2.330034017562866,437.95404052734375,66.25469207763672,56.51499938964844,13.08684253692627,22.549999237060547,66.24127960205078,5.579999923706055,6.989999771118164,35.92167663574219,70.30000305175781,61.088375091552734,52.53697967529297,42.28511428833008,38.95889663696289,91324.75774145126
2024-05-03,1696.98388671875,14884.94140625,3430.6015625,6275.81884765625,95.0,54436.703125,5495.39599609375,10977.1982421875,17283.748046875,3895.75,,23.713699340820312,87.8313980102539,74.42328643798828,78.27894592285156,104.1751937866211,496.6265563964844,429.8285827636719,181.4024200439453,159.7100067138672,150.60000610351562,186.2100067138672,45.470001220703125,400.8699951171875,57.89335632324219,33.20000076293945,110.5597152709961,40.29153060913086,167.4044189453125,,11.039999961853027,139.5780029296875,5.703800201416016,,62.47180938720703,2.3480966091156006,448.1472473144531,68.08324432373047,57.933998107910156,12.90152359008789,23.329999923706055,64.97539520263672,5.699999809265137,6.960000038146973,38.405147552490234,69.47000122070312,61.642120361328125,52.61901092529297,42.71450424194336,39.045555114746094,92382.64420700073
2024-05-06,1801.044189453125,16734.548828125,3762.885009765625,6793.056640625,100.0,61222.8828125,5495.39599609375,13786.119140625,21154.587890625,3886.2900390625,12718.16015625,23.95132827758789,87.89531707763672,74.41409301757812,78.49986267089844,105.11674499511719,501.7550964355469,434.5367126464844,179.7504425048828,162.0,155.77999877929688,188.6999969482422,46.5,404.9200134277344,59.1073112487793,35.599998474121094,113.29306030273438,40.32947540283203,168.23655700683594,63.709999084472656,11.039999961853027,139.87399291992188,5.748600006103516,,62.47180938720703,2.375189781188965,461.7515869140625,69.38507843017578,59.696998596191406,13.058570861816406,25.209999084472656,64.88639068603516,5.829999923706055,7.159999847412109,40.701377868652344,73.52999877929688,62.14049530029297,52.60988235473633,42.972137451171875,39.5462646484375,93081.8085075058
2024-05-07,1817.053466796875,16523.16796875,3753.904052734375,6827.5390625,100.0,61498.75390625,6342.90087890625,13906.7470703125,21244.611328125,3892.75,12770.76953125,23.783586502075195,88.07791900634766,74.42328643798828,78.56172943115234,105.14556884765625,502.30877685546875,434.6057434082031,180.43301391601562,159.80999755859375,154.42999267578125,188.75999450683594,45.54999923706055,406.1400146484375,58.345054626464844,35.20000076293945,102.51528930664062,40.10178756713867,171.35696411132812,,11.173999786376953,139.88999938964844,5.7032999992370605,129.61480712890625,63.03472137451172,2.3932526111602783,464.28997802734375,68.2521743774414,60.599998474121094,13.356964111328125,21.399999618530273,65.19297790527344,5.579999923706055,7.059999942779541,39.775001525878906,71.5999984741211,62.54659652709961,52.61901092529297,43.482635498046875,39.68107604980469,92583.55635595322
2024-05-08,1825.05810546875,16523.16796875,3762.885009765625,7068.91650390625,100.0,61689.6953125,6342.90087890625,14027.3759765625,21154.587890625,3887.25,12736.6171875,23.825525283813477,87.89531707763672,74.40496826171875,78.27009582519531,105.0879135131836,502.3572998046875,434.3491516113281,180.76931762695312,157.89999389648438,153.6199951171875,188.0,44.43000030517578,406.3699951171875,59.050846099853516,34.79999923706055,102.56392669677734,40.111270904541016,169.55406188964844,,11.152000427246094,138.8719940185547,5.6971001625061035,129.38999938964844,62.912742614746094,2.4113144874572754,468.61322021484375,67.68572235107422,60.946998596191406,13.443341255187988,21.559999465942383,63.10625076293945,5.440000057220459,7.050000190734863,39.824275970458984,71.13999938964844,62.77731704711914,52.60988235473633,43.28225326538086,39.82550048828125,92615.77315950394
2024-05-09,1825.05810546875,16505.548828125,3776.35595703125,7275.8115234375,100.0,60509.0234375,6342.90087890625,13872.283203125,20992.5546875,3896.25,12749.0791015625,23.811546325683594,88.05967712402344,74.46903991699219,78.53520202636719,105.72201538085938,505.25189208984375,435.29669189453125,182.57960510253906,147.0500030517578,152.38999938964844,189.5,44.15999984741211,408.82000732421875,59.58723831176758,33.79999923706055,102.91410827636719,40.2346076965332,169.97012329101562,,11.156000137329102,139.58599853515625,5.701000213623047,,63.32552719116211,2.447438955307007,471.409423828125,67.25840759277344,61.20899963378906,13.521864891052246,21.139999389648438,63.73918533325195,5.380000114440918,7.059999942779541,39.380794525146484,73.19999694824219,63.331085205078125,52.64632797241211,43.764122009277344,40.12400436401367,92775.7373714447
2024-05-10,1813.0511474609375,16452.705078125,3776.35595703125,7379.25927734375,100.0,61062.45703125,6244.767578125,13923.98046875,21604.689453125,3888.760009765625,12749.0791015625,23.916383743286133,87.87704467773438,74.40496826171875,78.3496322631836,105.85652923583984,505.9026184082031,436.32318115234375,181.3215789794922,146.32000732421875,151.9199981689453,187.47999572753906,42.91999816894531,412.04998779296875,59.78486251831055,30.600000381469727,102.90437316894531,40.31999206542969,168.69216918945312,,11.244000434875488,138.7429962158203,5.69980001449585,128.77879333496094,63.73833084106445,2.4384078979492188,472.182861328125,68.04348754882812,61.08700180053711,13.411931037902832,20.600000381469727,62.23595428466797,5.389999866485596,6.940000057220459,40.4352912902832,71.30999755859375,63.61717987060547,52.61901092529297,43.81660079956055,40.2780647277832,93005.07667909982
2024-05-13,,,,,,,,,,3889.110107421875,,24.216909408569336,87.92271423339844,74.42328643798828,78.42916870117188,105.92377471923828,505.97064208984375,437.3299560546875,184.5210723876953,149.1300048828125,150.55999755859375,186.57000732421875,44.16999816894531,411.2200012207031,59.662532806396484,34.400001525878906,102.94328308105469,40.62358093261719,169.29647827148438,,11.168000221252441,139.0570068359375,5.6981000900268555,129.53480529785156,63.76647186279297,2.4203455448150635,464.06195068359375,68.59005737304688,61.659000396728516,13.380520820617676,20.940000534057617,63.24470138549805,5.96999979019165,7.110000133514404,40.671817779541016,69.73999786376953,63.65409851074219,52.61901092529297,43.7879753112793,40.11437225341797,94182.2271513869
2024-05-14,1857.0765380859375,16558.3984375,3852.69091796875,7198.2265625,100.0,59955.59375,6244.767578125,13062.34765625,22954.982421875,3886.949951171875,12869.521484375,24.517438888549805,88.16008758544922,74.49649810791016,78.60591125488281,106.50984191894531,508.2921142578125,440.1429443359375,185.66021728515625,146.6999969482422,153.16000366210938,187.07000732421875,45.119998931884766,410.239990234375,59.84132766723633,37.0,102.47637939453125,40.84177780151367,170.31683349609375,65.0999984741211,11.218999862670898,139.52000427246094,5.725900173187256,,63.59761428833008,2.4745326042175293,467.8695068359375,67.59628295898438,61.36600112915039,13.105688095092773,21.440000534057617,63.86775588989258,6.260000228881836,7.46999979019165,42.58369064331055,71.19999694824219,64.18939208984375,52.65545654296875,43.83091354370117,40.316585540771484,95298.05789070809
2024-05-15,1829.060302734375,16523.16796875,3870.65234375,7155.123046875,100.0,59586.63671875,6244.767578125,12872.7890625,23945.197265625,3851.75,,24.92279815673828,88.74449157714844,74.63379669189453,79.42772674560547,107.7300033569336,514.5863037109375,447.02252197265625,187.92860412597656,145.8000030517578,159.6699981689453,185.99000549316406,45.77000045776367,412.760009765625,60.453006744384766,37.79999923706055,99.96674346923828,41.278175354003906,172.24853515625,65.94999694824219,11.34000015258789,140.80999755859375,5.7368998527526855,130.20509338378906,63.541316986083984,2.4745326042175293,477.477783203125,69.71302795410156,61.35200119018555,12.218364715576172,21.670000076293945,63.19525146484375,6.019999980926514,7.269999980926514,46.318756103515625,71.5199966430664,64.89080810546875,52.75569152832031,43.907249450683594,40.61508560180664,95996.38780021667
2024-05-16,1841.0673828125,16523.16796875,3924.536376953125,7284.43212890625,100.0,60379.89453125,6244.767578125,12838.32421875,23405.080078125,3822.31005859375,12989.5048828125,25.090534210205078,88.64405822753906,74.57887268066406,79.16264343261719,107.509033203125,513.5275268554688,446.1144714355469,188.0474395751953,147.19000244140625,162.6199951171875,183.6300048828125,44.959999084472656,413.1199951171875,60.35890579223633,37.20000076293945,100.55038452148438,41.36356735229492,173.78396606445312,,11.470000267028809,140.72000122070312,5.749000072479248,,64.02915954589844,2.4745326042175293,469.2379150390625,72.62477111816406,61.051998138427734,11.959233283996582,21.649999618530273,63.39304733276367,5.809999942779541,7.119999885559082,45.58948516845703,71.75,64.51242065429688,52.728355407714844,43.59236526489258,40.61508560180664,95903.80128715746
2024-05-17,1857.0765380859375,16523.16796875,3906.574951171875,7241.32861328125,100.0,61357.6328125,6244.767578125,13079.5810546875,24107.232421875,3826.3798828125,13059.6484375,25.391063690185547,88.36099243164062,74.5331039428711,79.01240539550781,107.75883483886719,514.2656860351562,445.8973693847656,188.07716369628906,145.66000366210938,164.47000122070312,184.6999969482422,45.45000076293945,416.94000244140625,60.293033599853516,38.20000076293945,100.43365478515625,41.5438232421875,175.6265106201172,66.08000183105469,11.414999961853027,140.3000030517578,5.7108001708984375,129.81500244140625,63.84152603149414,2.546781539916992,467.9290466308594,71.47198486328125,62.11000061035156,11.794334411621094,21.760000228881836,63.76885986328125,5.599999904632568,7.28000020980835,44.74195098876953,72.26000213623047,64.6877670288086,52.701019287109375,43.964500427246094,40.913578033447266,97155.8553073369
2024-05-20,1873.0859375,16523.16796875,3933.51708984375,7206.8466796875,100.0,60859.546875,6244.767578125,12993.4169921875,24125.236328125,3805.419921875,13179.630859375,26.075986862182617,88.27880859375,74.51481628417969,79.02124786376953,107.82608032226562,514.8582153320312,449.0064697265625,189.23611450195312,146.3699951171875,166.3300018310547,183.5399932861328,45.599998474121094,413.0,59.43667984008789,35.400001525878906,100.09320831298828,41.39202880859375,176.78553771972656,66.48999786376953,11.37600040435791,140.02000427246094,5.72599983215332,129.27980041503906,63.53193664550781,2.5558128356933594,464.8849182128906,74.00609588623047,64.08200073242188,11.872857093811035,21.6200008392334,64.05565643310547,5.659999847412109,7.190000057220459,47.55064392089844,73.54000091552734,64.66008758544922,52.701019287109375,44.02652359008789,40.35509490966797,99230.0798879005
2024-05-21,1873.0859375,16382.2421875,3929.0263671875,7155.123046875,100.0,60785.75,6244.767578125,12717.6953125,23837.171875,3824.919921875,13271.0029296875,26.048030853271484,88.44318389892578,74.55140686035156,79.08309173583984,107.84529876708984,516.1209716796875,449.8848571777344,190.53378295898438,144.10000610351562,164.66000366210938,183.14999389648438,45.20000076293945,414.3699951171875,60.92353439331055,34.79999923706055,100.20021057128906,41.13587951660156,177.85540771484375,66.55000305175781,11.456000328063965,140.14999389648438,5.712800025939941,129.80499267578125,63.653900146484375,2.5558128356933594,460.7104797363281,72.8434066772461,65.06099700927734,11.794334411621094,21.239999771118164,63.39304733276367,5.690000057220459,7.079999923706055,47.2845573425293,71.51000213623047,64.65086364746094,52.71923828125,44.02652359008789,40.61508560180664,99631.63213629276
2024-05-22,1817.053466796875,16241.3193359375,3942.49755859375,7129.2607421875,100.0,59605.08203125,6244.767578125,12838.32421875,23495.099609375,3821.06005859375,12953.0498046875,25.118488311767578,88.3335952758789,74.49649810791016,78.82681274414062,107.33609771728516,514.6349487304688,449.7960205078125,189.09742736816406,142.7100067138672,165.52000427246094,183.1300048828125,44.9900016784668,413.989990234375,60.05776596069336,36.0,100.20993041992188,41.003055572509766,176.32986450195312,,11.5,140.0,5.7052998542785645,129.60000610351562,63.616355895996094,2.5648436546325684,463.8338928222656,73.22103118896484,64.0469970703125,11.7786283493042,21.170000076293945,61.504112243652344,5.769999980926514,7.019999980926514,48.66426467895508,67.33999633789062,64.14324951171875,52.682796478271484,43.597129821777344,40.38398361206055,95979.25242034905
2024-05-23,1817.053466796875,16573.875,3942.49755859375,7129.2607421875,100.0,59605.08203125,6244.767578125,12838.32421875,23495.099609375,3827.89990234375,13003.3505859375,25.083541870117188,88.08705139160156,74.4598617553711,78.28773498535156,106.62513732910156,510.8758239746094,447.7726745605469,185.11541748046875,141.0399932861328,160.42999267578125,181.0500030517578,43.61000061035156,405.8800048828125,59.304931640625,34.400001525878906,97.914306640625,40.6994743347168,173.4174346923828,,11.444000244140625,139.28199768066406,5.741399765014648,128.98379516601562,62.725120544433594,2.5016257762908936,461.8507385253906,74.55267333984375,63.56700134277344,11.692253112792969,20.719999313354492,60.90083694458008,5.53000020980835,6.829999923706055,48.1025276184082,66.62000274658203,63.84790802001953,52.64632797241211,43.21068572998047,39.82550048828125,96017.28747505695
2024-05-24,1845.0697021484375,16699.708984375,3929.0263671875,7155.123046875,100.0,59771.10546875,6244.767578125,12855.556640625,22774.94140625,3864.39990234375,12951.6640625,24.671194076538086,88.18751525878906,74.48735809326172,78.59707641601562,107.3168716430664,514.256103515625,452.0069885253906,188.1861114501953,144.47000122070312,166.36000061035156,180.75,44.380001068115234,407.4100036621094,59.8319206237793,35.599998474121094,98.98429870605469,40.81331253051758,174.675537109375,,11.329000473022461,139.72999572753906,5.722099781036377,129.5048065185547,62.63132095336914,2.4835634231567383,474.1857604980469,76.20234680175781,64.67500305175781,11.637284278869629,21.010000228881836,60.96017837524414,5.800000190734863,6.920000076293945,50.69440460205078,66.33999633789062,64.34629821777344,52.65545654296875,43.58759307861328,40.066226959228516,95339.35998007748
2024-05-27,1841.0673828125,17149.107421875,3924.536376953125,7137.88134765625,100.0,59771.10546875,6244.767578125,12855.556640625,22504.884765625,3862.989990234375,13013.5029296875,,,,,,,,,,,,,,,,,,,,,,,,,,,,,,,,,,,,,,,,
2024-05-28,1905.1044921875,16466.021484375,3924.536376953125,7163.74365234375,100.0,59143.8828125,6244.767578125,12734.927734375,21838.73828125,3868.239990234375,,25.062580108642578,87.77659606933594,74.42328643798828,78.12870025634766,107.345703125,514.615478515625,453.71453857421875,188.196044921875,147.00999450683594,171.61000061035156,182.14999389648438,44.029998779296875,403.8999938964844,58.768531799316406,34.20000076293945,99.645751953125,40.75639343261719,176.34967041015625,,11.329000473022461,139.41600036621094,5.706299781799316,128.75250244140625,61.79634475708008,2.528719186782837,475.8714599609375,77.8420639038086,64.9000015258789,11.974939346313477,21.049999237060547,61.48432922363281,5.800000190734863,6.889999866485596,53.256717681884766,66.08000183105469,64.22630310058594,52.61901092529297,43.42061233520508,39.623294830322266,96948.07463470381
2024-05-29,1901.1021728515625,16376.140625,3924.536376953125,7103.39892578125,90.0,57649.60546875,6244.767578125,12562.6015625,21424.650390625,3858.389892578125,12901.3642578125,24.48248863220215,87.43875122070312,74.39579772949219,77.84590911865234,106.2600326538086,511.01171875,450.5166015625,188.4932098388672,146.61000061035156,165.13999938964844,182.02000427246094,43.47999954223633,404.0899963378906,58.35447311401367,32.79999923706055,98.1282958984375,40.14922332763672,175.73548889160156,,11.03600025177002,137.88999938964844,5.723499774932861,128.90550231933594,61.37417984008789,2.4835634231567383,470.3582763671875,75.30794525146484,65.46199798583984,11.88071060180664,20.940000534057617,60.376686096191406,5.71999979019165,6.849999904632568,50.241065979003906,65.55999755859375,63.27568435668945,52.60988235473633,42.800384521484375,39.3055419921875,94462.98668364761
2024-05-30,1881.090576171875,16933.396484375,3933.51708984375,7198.2265625,96.0,57686.5078125,6244.767578125,12562.6015625,21964.765625,3867.5,12888.9052734375,24.859895706176758,87.84964752197266,74.47820281982422,78.31427764892578,105.99102020263672,507.6218566894531,445.6900329589844,189.48377990722656,145.52000427246094,166.75,179.32000732421875,42.790000915527344,408.6099853515625,58.27918243408203,35.20000076293945,98.92593383789062,40.03537368774414,171.93153381347656,,11.069999694824219,138.8209991455078,5.72599983215332,,61.58995056152344,2.528719186782837,463.1099853515625,76.37126922607422,64.76599884033203,12.037758827209473,21.729999542236328,61.820579528808594,5.989999771118164,6.909999847412109,49.275272369384766,65.0199966430664,63.87560272216797,52.66456985473633,43.14866638183594,39.51738357543945,96145.64664363861
2024-05-31,1889.0953369140625,17203.037109375,3861.671142578125,7068.91650390625,90.0,55435.87109375,6244.767578125,12821.0908203125,21604.689453125,3864.75,12854.755859375,24.783016204833984,88.13270568847656,74.57887268066406,78.69427490234375,106.7212142944336,512.245361328125,444.86090087890625,190.43470764160156,144.92999267578125,166.89999389648438,176.44000244140625,42.45000076293945,414.3999938964844,58.63679122924805,33.599998474121094,101.07565307617188,39.64640808105469,172.3277587890625,,11.069999694824219,139.94400024414062,5.732999801635742,129.5500030517578,62.734500885009766,2.546781539916992,462.8918762207031,68.38135528564453,64.16200256347656,12.2105131149292,21.68000030517578,62.29529571533203,5.909999847412109,6.900000095367432,47.885711669921875,64.08000183105469,64.46626281738281,52.73747634887695,43.668701171875,40.09511184692383,95780.16187763214
2024-06-03,,,,,,,,,,3855.89990234375,,25.041616439819336,88.66581726074219,74.66339111328125,79.0518798828125,106.93257904052734,512.6630859375,447.2495422363281,192.19790649414062,146.25,163.5500030517578,178.33999633789062,42.97999954223633,414.7900085449219,58.269775390625,33.0,99.96674346923828,40.063838958740234,172.783447265625,66.5199966430664,11.359999656677246,140.12899780273438,5.725399971008301,,62.6688346862793,2.546781539916992,473.4620056152344,67.78510284423828,63.37900161743164,12.12413501739502,21.31999969482422,62.760108947753906,5.78000020980835,6.769999980926514,47.885711669921875,64.30000305175781,64.5493392944336,52.78868865966797,43.41106414794922,39.84475326538086,96557.96638482902
2024-06-04,1897.0999755859375,17077.205078125,3866.161376953125,7103.39892578125,90.0,57188.41015625,6244.767578125,12821.0908203125,22396.859375,3856.239990234375,12864.9091796875,24.370664596557617,88.98639678955078,74.73684692382812,79.1051025390625,106.78845977783203,513.2362060546875,448.473388671875,192.51486206054688,147.0800018310547,159.99000549316406,179.33999633789062,43.22999954223633,409.5299987792969,57.43224334716797,33.599998474121094,100.511474609375,39.50410079956055,173.48680114746094,,11.359999656677246,140.12899780273438,5.747000217437744,,63.14729309082031,2.5558128356933594,472.9662170410156,65.96649932861328,63.1619987487793,11.91211986541748,22.100000381469727,62.63154220581055,5.639999866485596,6.71999979019165,46.900203704833984,64.25,64.34629821777344,52.843563079833984,42.92919921875,39.661808013916016,93979.13140583457
2024-06-05,1881.090576171875,17256.962890625,3830.239501953125,7017.1923828125,95.0,57188.41015625,6244.767578125,12821.0908203125,22198.818359375,3924.760009765625,12899.056640625,24.650226593017578,89.26118469238281,74.81031036376953,79.31806182861328,108.01823425292969,519.3360595703125,457.51458740234375,194.02052307128906,145.77999877929688,166.1699981689453,181.27999877929688,44.150001525878906,409.8500061035156,58.12862014770508,34.599998474121094,98.73139953613281,40.139732360839844,175.40858459472656,67.18000030517578,11.380000114440918,140.12899780273438,5.745100021362305,130.5247039794922,62.95027160644531,2.519688129425049,490.88372802734375,69.36519622802734,65.0270004272461,11.88071060180664,22.959999084472656,62.8293342590332,5.690000057220459,6.909999847412109,52.74425506591797,64.80000305175781,64.96464538574219,52.8984375,43.224998474121094,39.77736282348633,96746.22356393654
2024-06-06,1893.09765625,17131.1328125,3753.904052734375,7043.0546875,95.0,57243.75390625,6244.767578125,12821.0908203125,22468.87890625,3930.0,12921.208984375,24.6851749420166,89.28868103027344,74.81950378417969,79.13175201416016,108.12391662597656,519.3262939453125,457.3565979003906,192.64366149902344,147.0,166.77999877929688,185.0,44.7599983215332,411.0799865722656,58.288597106933594,36.599998474121094,98.44929504394531,40.338966369628906,176.6765899658203,,11.380000114440918,140.12899780273438,5.752999782562256,,63.269248962402344,2.5558128356933594,489.5947570800781,67.67578887939453,64.85199737548828,11.91211986541748,23.790000915527344,66.28084564208984,5.690000057220459,7.079999923706055,51.748897552490234,66.4000015258789,65.22306823730469,52.907569885253906,43.272708892822266,39.75810623168945,97012.73752212524
2024-06-07,1889.0953369140625,16789.58984375,3726.962646484375,7103.39892578125,95.0,57649.60546875,6244.767578125,12321.34375,22738.935546875,3939.75,12992.2744140625,25.055587768554688,88.50094604492188,74.62664031982422,78.51061248779297,107.58589172363281,518.6949462890625,456.95196533203125,195.03089904785156,146.66000366210938,167.8699951171875,184.3000030517578,43.79999923706055,413.7200012207031,58.138023376464844,36.0,98.77030944824219,39.883583068847656,174.299072265625,67.52310180664062,11.380000114440918,140.12899780273438,5.75,130.0399932861328,62.9971923828125,2.4835634231567383,488.80145263671875,67.56646728515625,64.14700317382812,11.4174165725708,23.309999465942383,66.5577621459961,5.5,6.989999771118164,51.11817169189453,65.0999984741211,64.37398529052734,52.779537200927734,42.83855056762695,39.9410514831543,98712.75191116333
2024-06-10,,,,,,,,,,3965.89990234375,,24.30776596069336,88.42765808105469,74.63581085205078,78.49286651611328,107.90293884277344,520.297607421875,458.7976989746094,191.29647827148438,148.07000732421875,160.33999633789062,187.05999755859375,44.150001525878906,410.80999755859375,57.80866241455078,35.599998474121094,99.93757629394531,40.120758056640625,175.17184448242188,67.08999633789062,11.380000114440918,140.12899780273438,5.73799991607666,,62.58440017700195,2.4745326042175293,498.3601379394531,69.0372543334961,64.44999694824219,11.456679344177246,23.1299991607666,66.35006713867188,5.710000038146973,7.03000020980835,53.16801834106445,64.33999633789062,64.18016052246094,52.779537200927734,42.795616149902344,39.7869873046875,96402.16664970852
2024-06-11,1889.0953369140625,16358.166015625,3726.962646484375,6991.3310546875,95.0,57760.3046875,6244.767578125,12235.1806640625,22936.978515625,3963.340087890625,12815.0703125,23.755638122558594,88.72994232177734,74.7184829711914,78.7945556640625,107.68495178222656,521.5506591796875,461.9463195800781,205.19400024414062,147.75,158.9600067138672,187.22999572753906,44.15999984741211,408.5,55.653656005859375,35.79999923706055,98.11857604980469,39.98702621459961,176.71896362304688,,11.380000114440918,140.12899780273438,5.743000030517578,,62.52115249633789,2.4293768405914307,503.18902587890625,69.96146392822266,64.8550033569336,11.464530944824219,23.850000381469727,64.05565643310547,5.610000133514404,7.0,53.38483428955078,64.16000366210938,63.40489959716797,52.843563079833984,42.78129196166992,39.33442687988281,94151.67288455926
2024-06-12,1909.1068115234375,16178.4052734375,3655.1171875,6991.3310546875,95.0,57760.3046875,6244.767578125,11959.458984375,22324.84375,3988.85009765625,12755.078125,23.315326690673828,89.15127563476562,74.81950378417969,79.1051025390625,108.72160339355469,525.8342895507812,467.9967346191406,211.05813598632812,149.32000732421875,160.24000549316406,186.88999938964844,45.08000183105469,408.7699890136719,56.47236633300781,36.20000076293945,98.05048370361328,40.38822937011719,178.07763671875,68.37999725341797,11.300000190734863,142.42999267578125,5.767000198364258,,61.84157943725586,2.4925947189331055,504.5474853515625,72.90303039550781,65.00599670410156,11.126877784729004,23.770000457763672,62.730438232421875,5.570000171661377,7.070000171661377,57.86888885498047,64.62999725341797,64.40165710449219,52.8984375,42.862403869628906,39.29591369628906,93001.34314698167
2024-06-13,1925.1160888671875,15908.765625,3637.156005859375,7034.4345703125,95.0,56837.90625,6244.767578125,11976.69140625,22198.818359375,4025.0,12718.16015625,22.9239444732666,89.60010528564453,74.93887329101562,79.31806182861328,108.38251495361328,526.8930053710938,470.53338623046875,212.21707153320312,146.10000610351562,159.89999389648438,183.8300018310547,44.380001068115234,405.9200134277344,56.67940139770508,34.400001525878906,97.35984802246094,40.29270553588867,175.2809295654297,,11.300000190734863,142.42999267578125,5.763999938964844,131.0,61.97372817993164,2.447438955307007,499.8475036621094,72.41607666015625,65.32599639892578,11.135753631591797,23.270000457763672,60.86128616333008,5.21999979019165,6.800000190734863,59.97786331176758,62.36000061035156,63.414127349853516,52.989891052246094,42.84809112548828,39.26702880859375,92268.87650489807
2024-06-14,1921.11376953125,15746.98046875,3695.5302734375,7051.67529296875,95.0,57169.96484375,6244.767578125,11838.830078125,22360.8515625,4143.75,12690.4716796875,22.686317443847656,89.69169616699219,74.94805908203125,79.22046661376953,108.17906188964844,527.2135009765625,472.97137451171875,210.4835968017578,145.97000122070312,159.6300048828125,183.66000366210938,43.869998931884766,405.5400085449219,55.83246612548828,33.79999923706055,97.24313354492188,40.34046936035156,176.89747619628906,,11.300000190734863,142.42999267578125,5.769999980926514,131.3343048095703,61.89820861816406,2.447438955307007,500.4033508300781,72.81359100341797,66.93800354003906,10.966297149658203,23.56999969482422,59.96625900268555,5.090000152587891,6.460000038146973,59.228885650634766,62.150001525878906,62.38045120239258,53.017330169677734,42.45210647583008,39.14185333251953,94006.42790794373
